0.7007199193430114,1.4003085938715158,2.23068608465248,2.9710335717381158,3.711287013002352,4.205351130347998,5.196683103853521,5.602530295978415,6.3029373688353445,7.003740511302158,8.165935684111195,8.127765372558024,9.654718460908889,10.398448333251498,10.50281426511786,10.835067299439057,12.621439552730026,13.383413207761206,13.298810393387644,14.859497486320425,15.604894197307338,15.408815678586713
0.7857094259589452,1.1704301546112341,2.223094599705599,2.971136382417735,3.712378860199854,4.205449644106623,5.199320844402026,5.60014237280378,6.30278836980027,7.003496226363871,8.165311149947836,8.12377265143406,9.654175971630368,10.398287850619843,11.149017198090203,10.835417736350179,12.621309836681107,13.370645222943628,13.297605424473806,14.859734736221865,15.604822086168824,15.402934893952104
0.787325118304781,1.300628551284528,2.230499354783228,2.971158733730409,3.712711285221191,4.20269106510683,5.1989133478747656,5.599954290678724,6.3027060221408835,7.002948742477963,8.160527914105451,8.127892212155867,9.655058503137962,10.39785601524604,11.12292582146981,10.831561369439193,12.621090848041426,13.354765949200255,13.297606620441984,14.859275878245555,15.604732323191401,15.40419758261138
0.6048854270285147,1.2214621767050704,2.227722660156404,2.971049826921965,3.7113141227657125,4.202746853776023,5.196634995812264,5.600638447169317,6.300475264248707,6.998663256292054,8.16480833864592,8.121862814683324,9.654754654989379,10.39843300441475,11.13142791845027,10.836387271119248,12.621075768576313,13.368081602775522,13.304222355029422,14.859312444931316,15.58168606548376,15.407687190856414
0.7857094259589452,1.182049817662551,2.1072468795836685,2.972303292697102,3.7125597792502205,4.205424896515823,5.199317369305376,5.600135314443174,6.30326298008627,7.003191902190288,8.16528443015869,8.128183674593483,9.654169861367423,10.39773077960514,11.148649220260008,10.835314387161803,12.620834832746285,13.369537045649984,13.297815883011927,14.859268068288266,15.603872308036038,15.403564079328548
0.7873542512833644,1.1840801198380517,2.2304939899655523,2.9712989642551473,3.712101675795391,4.2026932114869355,5.200247570650212,5.600545415705769,6.302741571915478,7.003122170190951,8.165216145515233,8.126817702209154,9.654222957810047,10.404346633171388,10.494857010259942,11.204731938247587,12.621242556033089,13.354918696373954,13.297688244437323,14.85929169321638,15.604510100812405,15.403493901427764
0.7857542148647463,1.1874314188115087,2.223592103760164,2.9712978218214556,3.712575072754716,4.200605886669326,5.198908181307633,5.600565718070822,6.302789181934147,7.003504761244846,8.16522000947673,8.126810922492789,9.648923992285555,10.398291390619761,11.14853039382823,10.833184179783409,12.62131070212138,13.369034385469146,13.297687678029797,14.859291161080547,15.60643518856759,15.399804481274906
0.7938197487134699,1.1840801198380517,2.2236087131640554,2.971297760508611,3.7121045989591233,4.2026932114869355,5.198908767598627,5.600635406735947,6.30271425717529,7.003505843875242,8.165219225746263,8.128184210841207,9.654230020159707,10.397858367045504,11.148590007826277,10.831561369439193,12.620813499200649,15.60930189534676,13.297549865529563,14.859291162403371,15.604724585305462,15.403493901427764
0.6407362723817169,1.25370489537871,2.227731137936249,2.9723781124213917,3.7113635782474796,4.202769813807424,5.19657665047177,5.600639516095942,6.300908148967667,7.003552367392321,8.164785602154042,8.127894917671629,9.654754492368022,10.397901132809464,11.13205734527968,10.830613348012491,12.621073140054834,12.59535203986456,13.304470876335914,14.859221376162614,15.584696429847634,15.399497153691886
1.3319795285942886,1.407032405462739,2.229586471733729,2.9711042448215887,3.7125542804383236,4.205254019134913,5.198798395155793,5.599733660446686,6.300464620045737,7.0038000400728455,8.165933083531003,8.12152652115789,9.64670535004543,10.398204095724846,10.50866394038639,10.83445772801826,11.926231788848433,12.622043774986636,13.30455282001873,14.859314922275818,15.585594732415363,15.399339210119333
0.6376257203955845,1.2407991407284946,2.2271076705054957,2.969159500282745,3.712388666976264,4.201353197994423,5.1962115354474365,5.599698206335338,6.300844162398697,6.998598406653042,7.709465037787497,8.129242854617283,9.65442636447827,10.399281356353864,11.14824808620701,10.836360797346975,12.620872218960072,13.370784863817768,13.304435689870244,14.859314220461851,15.584005666952763,15.399553658339658
0.6407938776249505,1.2454322235579771,2.2270806905746747,2.9723840318297174,3.7123862147602296,4.19973547831043,5.19471818873713,5.603316961765751,6.3009098021521215,7.003552367392321,8.174612956368895,8.127894917671629,9.65458948149169,10.397901132809464,11.1301743447454,10.835566294745423,12.6208703227494,12.613107617871238,13.296026443809158,14.85922168941685,15.584696429847634,15.399333099721773
1.3911140334748548,1.2228356954702666,2.2277658185647273,2.971034185621901,3.7112872554918215,4.205315609743556,5.1966828233702085,5.602546148064273,6.303050655694436,7.003549878406172,8.165308260132495,8.127865685230061,9.654719125347214,10.398427818048052,10.502871498171862,10.836362217829706,12.621446679097275,13.373134011270963,13.304403052774006,14.859702219280432,15.581771032107975,15.414526252592847
1.3225251589988853,1.221697581812691,2.2283679668617435,2.9746053787261895,3.7112491006878336,4.199789606249083,5.196706205650564,5.60049175411797,6.300827909786616,6.997558977402534,7.701859670506132,8.125562472777466,9.653944246223837,10.40412583984551,11.131523830399454,10.830695617323657,12.620874887047801,12.588267515567821,13.31242130473284,14.859322691483634,15.604399476687519,15.419426756731879
1.3869233787087394,0.8037924858547038,2.2282999599065283,2.9711235108070264,3.711287491396161,4.201307630307016,5.200614212413446,5.600501662399811,6.303114844639345,7.003448692536091,8.165240140931674,8.125496133196275,9.654422886101168,10.404135739034084,10.502664536762026,10.830663039183166,11.905308434375968,13.376927212826303,13.3042033194244,14.85922229784747,15.602478620688304,15.398056114105483
1.3051268498618867,0.7119196106245228,2.2283003422446175,2.970958173585231,3.7126438031337594,4.202986685167244,5.19648031660728,5.600613055744422,6.302919186480288,6.998540952480246,8.166834883004956,8.121928920659524,9.65431728557413,10.398171874252947,10.50192292722975,10.830793545088587,12.631758800602892,13.377520610641074,13.303753804635294,14.859559445822283,15.601654065521085,15.409094536619818
1.3251227024299046,0.8037924858547038,2.2282999599065283,2.9711235108070264,3.711277393738331,4.2013089793880525,5.200614212413446,5.600501662399811,6.29972274546884,7.003450624470447,8.16770785160634,8.125537041481008,9.654419807136433,10.404354074619807,10.491858664898773,10.830663039183166,11.905308434375968,12.596535176714031,13.3042033194244,14.859221691209202,15.602478620688304,15.398056114105483
1.3225251589988853,0.7999892559508583,2.2283689164102127,2.9710369872156495,3.71126721504218,4.205165107652223,5.196700421368425,5.600491962290074,6.300167016492197,6.997657869919935,7.696656779079418,8.125561841310304,9.653943170268734,10.40412583984551,11.131523830399454,10.830695241526888,11.913621924570613,12.600205110154338,13.296408658365651,14.859335920166084,15.605325097184894,15.418930167387852
1.3923432455596394,0.8615937110869052,2.2270816921898686,2.9693236767572944,3.712388781413793,4.2022562225001385,5.198462141976396,5.5997059895988475,6.300275701409191,7.003587994893279,8.167815292283485,8.12851300226499,9.652967240363784,10.39845583933606,11.137439290766626,10.830601951751419,11.896103280744967,12.591550373236375,13.304421348207407,14.859287355654082,15.582504711847305,15.399386977359304
1.5147517911832515,0.8615937110869052,2.2270816921898686,2.9693217160502154,3.710655184565634,4.2031342061994446,5.200142597669818,5.5997059895988475,6.300227962708585,7.003507182050562,8.167815292283485,8.130447282540555,9.655449519814395,10.404702360076266,10.4985723567519,10.836355620645339,12.622632259814866,12.606133838369738,13.30422045236419,14.859231390978096,15.583980030998555,15.399765278956737
1.326015068152877,0.7438560020301245,2.2302633080831535,2.9696589278778847,3.7106467474110114,4.203283967623452,5.200240650992099,5.600077833619142,6.298711028214659,7.003114840737967,8.165292347368108,7.849671157751873,9.655429563260272,10.404491042703011,10.497710286231491,10.83273861897344,12.615409538624647,12.606358951405966,13.29878626663973,14.859325368098894,15.583406564952172,15.403431607429923
1.3911140334748548,0.7798904324456383,2.098521566022504,2.974723586364927,3.712541780605597,4.199783525412922,5.198494113936979,5.600430525140895,6.30019067015314,7.00380847751254,8.16492297230327,8.123658436745307,9.646782638920078,10.399195304244722,11.131393381922289,10.836525759598864,12.625602790287495,13.37075840795999,13.307705068629412,14.859709844906083,14.70957753010626,15.404406380305675
1.303020209164954,0.5135278898955581,2.227128428608555,2.969219081657799,3.7127134426115025,4.19981602069902,5.196621137542938,5.600524261012846,6.298670133308791,7.003481107786491,8.167708972658085,8.122109485881083,9.65429305420915,10.39923834174958,10.497755958676846,10.835970955001402,12.621092781121458,12.59432649285277,13.311486727101595,14.859325451074904,15.583361921921734,15.40367924913906
1.388880262455835,0.43075621810729875,2.2272702153991792,2.969627926143208,3.712094878378896,4.202149848782858,5.198455321836596,5.600130738131896,6.303506803274921,7.003440772316539,8.171425872624893,8.12166504023596,9.654418875485435,10.399234781646744,11.131990691364667,10.8306578088495,11.897406103960959,13.372778630941347,13.296048243195795,14.859284209734795,15.58242408433927,15.399673194243801
1.3207891961665863,0.5197933466599364,2.226837678122165,2.9715064276979,3.7112690243501043,4.2004923675749115,5.19895666727267,5.600416432626906,6.300076600457335,7.003341563282711,8.164527421996626,8.123343611518164,9.646851860476534,10.399378276912591,11.138014627543216,10.830456361082476,12.620702191185785,13.372843090971292,13.296485856171266,14.859709814512419,15.605125945471068,15.399342815648087
1.6042436358019132,0.7438560020301245,2.2282986666279885,2.9711304545924757,3.711287159496154,4.199979195835685,5.200286552224568,5.600524706409638,6.3001475568746,6.9961050515392715,8.167745870135782,8.122069139050332,9.646642114144502,10.397688196369343,10.492362779367742,10.830670483264987,12.621105020503174,12.611646046735009,13.304038393561772,14.85934262464695,15.582175745296652,15.398355066506475
1.7639684542646918,0.7666128315869611,2.2271345392705184,2.9715130141317756,3.711204836851606,4.200793547103816,5.197381730221078,5.600376584252257,6.299988426258004,7.003457217734479,8.163309042973545,8.126808894800716,9.654066286350403,10.398260327643781,11.15565475967151,10.83320780529855,12.62145909402656,13.37280233147233,13.305661050325051,14.859271377209929,15.597497096816236,15.399298591804046
1.3301868854333563,0.2533266215193041,2.2277723260401716,2.9694963029171917,3.712418279481298,4.198415139472707,5.198935847470083,5.596934005847044,6.300179543989446,6.996894273774379,8.165709688369345,8.908585115260848,9.64930995625042,10.3981242683057,11.16264451563535,10.832533119468103,12.62256795308335,13.371341831850625,13.301234824559566,14.859672180922075,15.583869856398417,15.40804854161301
1.8760528982513542,1.214969099295468,2.2271775114141503,2.9700547959110635,3.712541399129103,4.199892287366025,5.2001719836464,5.6029633359474245,6.307689276101857,7.004885573467122,8.162613394759129,8.128025447379397,9.649650641543905,10.403962399083015,11.138106448943063,10.83316061580381,12.62844640428149,13.371692790348666,12.868476185468243,14.859653684927993,15.597082018807013,15.412220214889036
1.6316360379998578,0.591228638016848,2.0983083761235224,2.971511598215224,3.7111504448288777,4.202430358469057,5.200750593389521,5.600025123898807,6.300179096134158,6.99689344579104,8.165070738204832,8.12738777833311,9.653081766134259,10.398451635071483,11.143635947354815,10.836787316090911,12.640561739399615,13.370445854175875,12.861212048421697,14.859680398239297,15.58289887322628,15.401286835506605
1.8760528982513542,1.132764448556855,2.1003411444303315,2.9727792086443983,3.711919634597754,4.206119228144134,5.199877215001766,5.599825228555467,6.300446766868211,6.998317178760594,8.14708960697505,8.124661421677798,9.651783195769228,10.398419171706385,10.496902850810338,10.836657211252733,12.61463073978756,13.371269234238788,13.29723110781138,14.859683030000472,15.583343704244413,15.399909752853413
1.7624459381067428,0.48751008484684943,2.1011201033633355,2.9676716358750084,3.7125718528452674,4.201621823903765,5.198845267042102,5.596902265906278,6.300182546790941,6.996895804441307,8.165690746102172,8.123370580540874,9.654633328868938,10.398321313438258,11.147344661269805,10.83313925003783,11.91164501570428,13.371195315507409,13.302307189745811,14.85957206408222,15.584056825512766,15.412677888962595
1.3884504425231066,0.23687743228622463,2.100358719970021,2.972265894614393,3.7113495238734155,4.2018840063755185,5.199999865185001,5.600524843581557,6.300443541996574,6.996436767819256,7.714495936731742,8.123292234853961,9.654998410052208,10.398213008277732,10.496510781408176,10.831289005104146,12.61190631127662,12.605760490437099,13.296177210265958,14.85932977569887,15.583635242316978,15.382482434632825
1.6173773013293553,0.4922681854098063,2.230520657182142,2.970075037488057,3.7123886226543688,4.202435078531713,5.198910183102272,5.596902265906278,6.300190437461168,6.996895804441307,8.16568633591768,8.123370580540874,9.653040066679695,10.398413964899316,11.138110280336535,10.833146833839749,12.622582985792587,13.371341888976847,13.296439212699019,14.859657362497243,15.58294521339006,15.413847363902146
1.762298525078297,0.49645009503516524,2.1005465164052586,2.9721699236629555,3.7125805403387813,4.202593145420061,5.2007299185786,5.600364969165575,6.300173689558918,7.003805459006047,8.166165163499036,8.12460404597517,9.651780886229878,10.404298010281238,10.49155591401289,10.83647488505948,12.627392510882075,13.371459461722077,13.285553369723726,14.859682596513615,14.70151688416274,15.414110327899772
1.7986751959220235,0.4755755108431581,2.2257396287815703,2.9694942979102312,3.712560773517336,4.199827023283779,5.1999674170760155,5.599602512469918,6.300191848948856,6.997308286657083,8.165686108063873,8.125487940234866,9.65338900854109,10.398413409799643,10.494961491737865,10.834995259458642,12.622418568970122,13.37123931167088,13.298770111641492,14.85966281889193,15.583869615818129,15.40835278408599
1.792376180666886,0.521707231878569,2.224972769959404,2.8008190839595977,3.7126586430828614,4.199268525432484,5.200242697708784,5.6023329560427415,6.300275437861912,6.998881597337337,8.165291650787653,8.128225730199883,9.654292216652417,10.398403764263238,10.51331715967182,10.832540344710203,11.893546220329597,13.38311943798956,13.305349347981954,14.859777571620134,15.584570029639883,15.412930418591884
1.792376180666886,0.5190727092180976,2.0995651856167834,2.9747878835449915,3.7125587862063956,4.199192084901468,5.200400998515474,5.60241994054111,6.300187071792646,6.998491350308737,8.165195862884024,8.12381312607854,9.654220031057024,10.398433205688104,11.137296248869013,10.832543328893873,12.625613093448427,13.370580596279819,13.297662830826287,14.85967680780442,14.709792588532654,15.401306268785799
1.994572163335507,0.9527545469423024,2.0995927956006777,2.800406608533152,3.7125586976172236,4.20159777364617,5.196286535925871,5.599379995799083,6.300185845861611,6.998848105928623,8.165228143946772,8.123812548232793,9.65413563221768,10.398481683767482,10.499165039145048,10.832708881178883,11.899401605240207,13.37127337864437,13.30302183362415,14.859772638186366,15.584571965426111,15.401305972257646
1.7893104647787348,0.4921261135754436,2.2251262715852183,2.798121062191829,3.7125133218445185,4.199528905830591,5.196426614826403,5.604906769455862,6.299707704418065,6.998790149507478,8.165294421140533,8.128221954601814,9.654425152444867,10.399403502772412,10.500719663238003,10.832434797990558,11.895825631175205,13.371379619686534,13.305320511120247,14.859709366354213,15.584687105617293,15.399422184959874
1.981891779245187,0.6063735890930246,2.102133699758675,2.967562597407729,3.7125719856496913,4.1997498505872395,5.1959389718386,5.601580644831838,6.2996741225477315,6.999501449821393,8.164952339337722,8.123300825697207,9.654097656899092,10.398318940239959,11.14734302852252,10.83296865846917,12.629993486100567,13.371253982932835,13.302247125290473,14.859571110064039,15.584380609179522,15.398897580884753
1.935975427736112,0.49644519506519214,2.2277722095736827,2.9674096475531093,3.7126224308125226,4.199476849965398,5.194725429340557,5.597240444815786,6.2997880352390005,6.997366837290711,8.165079130501928,8.126012054062427,9.654819975764369,10.398724033721505,10.509561520667843,10.834970308473375,12.615425198164512,13.37120613459443,13.301207797723116,14.85971500568906,15.58437714715647,15.408199820354097
1.981891779245187,0.5911876811919602,2.1001634818201067,2.9743684095450345,3.7125759579191784,4.1997132835931765,5.196599628491935,5.601492754540207,6.2996741225477315,6.999495312121604,8.166138705030054,8.123300825697207,9.654097096453254,10.398318940239959,11.147202948986537,10.832796987495687,12.629993486100567,13.371253982932835,13.301554832484538,14.859798414402183,15.584380702238699,15.39904903854009
1.6186932454001906,0.2700017078063647,2.0993474871751765,2.969130880070495,3.712597838107037,4.201912220800981,5.200888937594775,5.599461294843845,6.299698871687287,6.9988588269034695,8.165067438694468,8.127146474955781,9.654640738966929,10.398449614452652,10.501014932964368,10.836778453773459,11.903747501045066,13.370240927524328,13.314557751573153,14.859772395511637,15.584001344891655,15.401194155059729
1.9867890916160809,0.4922681854098063,2.1000503959236934,2.9697945217282067,3.7125765009651315,4.201549952030079,5.1989211760387395,5.599440346409108,6.299763119788356,6.998328870219869,8.165682224313965,8.123361025272706,9.653860037299113,10.398484138381821,10.491686188245604,10.832544886717086,11.903842736672864,13.371314543224475,13.297345999550165,14.859773309213203,15.584939724481288,15.400147197836985
1.9353653044061416,0.25278102880791853,2.2271321305805936,2.9694957144635983,3.7125759986981635,4.1997143415258735,5.196541682689413,5.599482090423389,6.299758017037062,6.999525422950027,8.165111285927374,8.12698255987507,9.653052256467276,10.398363905156685,11.144321998274961,10.83500064409331,11.894822860190583,13.371203893164383,13.306438009697773,14.859705156537277,15.584448015878161,15.399490196248875
1.938881290126214,0.24923714549548842,2.2259667560363288,2.80009410007712,3.7125040653916908,4.200871983254546,5.196266017751887,5.605434072870922,6.30010735144554,6.997414679034206,8.166019087204345,8.123762843974617,9.653270718201751,10.398316717979842,10.500701860929565,10.838452747173328,11.906227971622478,13.371251857807279,13.297693257297222,14.859771956633718,15.584562074138548,15.399857609356294
1.9149407102431462,0.42666196867029843,2.2269697895728293,2.972238669401108,3.7125813977236812,4.202454161466382,5.198608449337003,5.599814571262638,6.30019988636172,6.999515966247817,8.16615788985775,8.123452042621192,9.654637710202245,10.398417496475368,10.505602958881099,10.832819549563679,11.898767621901778,13.370499893828105,13.301559319937134,14.859708384191084,15.60806127026822,15.414052367605468
1.9938349383918352,0.4921261135754436,2.227531461412095,2.798121062191829,3.712622804073213,4.200838243894041,5.196426614826403,5.604906769455862,6.299714157002526,6.996683076263494,8.165193695473143,8.123254401073321,9.654430533438514,10.399487053962579,10.500748290151414,10.832437480430459,11.90597713138344,13.369946169385083,13.301333400417628,14.859703063983622,15.585515535375004,15.413812221806957
1.9955898095550249,0.5912204729618692,2.226481422848628,2.9695222761869045,3.7125735695416906,4.2016538348184795,5.2004196243114205,6.2859254063450045,6.300160596835883,6.998722199842423,8.165091225901708,8.12376937041435,9.655423399407011,10.398460419940838,10.508916064524195,10.832743741523554,12.627514482590428,13.371213543984522,13.299077376871825,14.859007018362384,15.584388483160694,15.402936310130585
1.9967885429252394,0.5931734834664304,2.101155225948344,2.969522229271428,3.7125721354235908,4.201602617514726,5.200447694766676,5.5968989568403575,6.29969398683122,6.999426520624817,8.164991080580348,8.12376125691995,9.652905893531706,10.39831622610076,10.498611077178202,10.832764264092498,12.63676607935604,13.370661472442986,13.299006326640189,14.85970838548922,15.584553765238539,15.402965191961346
1.975181848579637,0.2127911626880275,2.227130460557489,2.8006672722342008,3.712555216504679,4.201695360480087,5.196312761005208,5.597298986376705,6.300156426677116,6.998760076744629,8.165190648660936,8.123800347561772,9.654217917027944,10.398201813238002,10.504482791828677,10.832996955299677,12.631395632207857,13.369606894332186,13.317984250342198,14.85966062719125,15.584261629047651,15.414097127579561
1.994572163335507,0.49985317044209654,2.23356218801498,2.9674695339195676,3.7125586976172236,4.202389281379838,5.19627668994591,5.599461732200391,6.300185981009793,6.998832215616377,8.165228143946772,8.123799144121215,9.654087912413903,10.398414214717432,11.147091228497183,10.83253978874569,11.903652144476698,13.37127258417414,13.29764755287152,14.85965925218054,15.584567949736293,15.400513142857672
1.9149944121161824,0.24732035205718772,2.1027781527987846,2.802100600297382,3.712622864927911,4.200842152762819,5.198573933947947,5.599774396825934,6.3001999225144445,6.9995014949467285,8.166826884217217,8.123432612084272,9.654812734993921,10.398421777457177,10.505301767466621,10.83662375887051,11.906028895253959,13.369994176116112,13.301193587053769,14.859578985881376,15.583958265600936,15.413163503823954
1.9946182919946849,0.3032703859340294,2.227341669528715,2.9696247902934805,3.712576488017961,4.202069619623538,5.196770220805488,5.599451634030376,6.299934791377485,7.000592205971474,8.165687414116064,8.125621083792357,9.653859804421195,10.398434864130724,11.143328700033933,10.832539160849647,11.899742820254612,13.370000213408048,13.28886233129956,14.859778263544934,15.58413229526525,15.399146239073938
1.9786974776539832,0.11858944109663852,2.1003284695480513,2.798868489632624,3.712472751732615,4.200872345087631,5.20086151463568,5.602737052339301,6.300137815361728,6.999483088287664,8.166045276190797,8.123625503464762,9.654159656044692,10.398410290095251,10.50992289185502,10.832469090692948,11.901311729966283,13.369919638784937,13.315302247483544,14.859817349334877,15.585241709110607,15.399536681837924
1.9926964258413744,0.24707995035109293,2.101126369904261,2.800211614563749,3.7124789676587766,4.201577195576533,5.2004055870620896,5.602714588063028,6.300158336974918,6.999581825395917,8.165188600578267,8.125956984308372,9.653048234568486,10.398456913040981,11.141345440116824,10.833008509196064,12.62276353885799,13.371237479205,12.862558676144788,14.859648168672171,15.604966618073021,15.412077861073229
1.9712574801066318,0.11244117365018454,2.1011258750363013,2.8003181972982834,3.712503162419292,4.202011394862278,5.195929732983404,5.603114011092597,6.29969796824982,6.9994223581212465,8.166163757762263,8.123613445466821,9.654600958083,10.398365625202441,10.500603172481465,10.832471477384834,11.902246494726716,13.370573200499102,12.860949270791034,14.859651547059556,15.58455537967051,15.399470239248506
1.9926820335660527,0.24376061748780964,2.1011264632568794,2.8024008207771267,3.7124391507489802,4.2008381565664115,5.200404717510155,5.602714949859763,6.299718150513582,6.999580020023542,8.165188197686874,8.125671190870912,9.653050941287518,10.398208536681675,10.496992638552864,10.83293670354544,12.622917992326684,13.371281314556107,13.304200926604734,14.859819172099591,15.584268146310134,15.40199902171572
1.9969489412470203,0.24602696897175236,2.227336568171818,2.9697037442490437,3.7124577494063775,4.201714806111607,5.1959894378031475,5.601824956048042,6.30013439522666,7.000622968341606,8.165083064639557,8.125678121660707,9.655527154373598,10.398433791950445,10.508048946048735,10.832801987197131,12.613571457461616,13.371194642692972,13.303838350287293,14.858950823711236,15.584371723226008,15.399832125651168
1.9997360803103883,0.2876549343726214,2.1021557788462064,2.802323704070254,3.712496524076148,4.201695972936171,5.1957877848378535,5.599257425271222,6.299700590189699,6.998787834406763,8.166194140541627,8.123602058815258,9.654623005802717,10.398199504145351,10.503922760312319,10.832823190457432,12.634296320448811,13.370526441212286,13.30585481554091,14.858982981699503,15.58457516544404,15.399555343916363
1.9786974776539832,0.07892580488522744,2.1003284695480513,2.798868489632624,3.7124728362213952,4.200872345087631,5.20086151463568,5.602679853473822,6.300137815361728,6.999497734566529,8.166045276190797,8.123401968269425,9.654159656044692,10.398444501486678,10.499076492802775,10.832469090692948,12.631484181492137,13.369919638784937,13.315643815058095,14.859817349334877,15.585241709110607,15.399536680762964
1.9737125827644912,0.12994489015158955,2.1000006298573277,2.9698385033249863,3.712540681212373,4.2020043869995805,5.195868657230893,5.597614184343322,6.299709030416871,6.999499187790058,8.16527190551398,8.123804715722104,9.654463803499713,10.398375678669483,10.50085938603931,10.83311588788745,11.901265016972522,13.36989398955065,13.307597149408977,14.858972167172587,15.583757457666952,15.399872215603683
1.8424708298279588,0.0446616654237701,2.101135602633273,2.80046531268715,3.712538862159972,4.2013630432923,5.19603749260557,5.599478431733182,6.300180876566931,6.998909403319349,8.165226986072723,8.123812949700502,9.654624023732863,10.39819757693065,10.499251991084824,10.832821953836529,11.900400584735284,13.379531318982485,13.30434127102787,14.859775680374216,15.584635785720373,15.401304909138664
1.9985750872464585,0.16525647936311366,2.100318851130744,2.7996713723475994,3.7125358341412538,4.201374991414317,5.195873928444939,5.596786638741441,6.299709178511637,7.000595158549496,8.166201120510935,8.123599883585982,9.654608501995254,10.398363336602067,10.500482832506394,10.833115800059238,11.9013105384361,13.370574277419841,12.86487860057113,14.859818547146393,15.584578070072652,15.412870484513123
1.992422725146487,0.1727669122137393,2.100311226376901,2.8011264634837256,3.712538402757473,4.202584040070031,5.200679253561061,5.596676661485283,6.2997176201409335,6.998872403507098,8.16510204221464,8.123347418065716,9.654596935615213,10.398492178295966,10.499483489198337,10.83292728012305,11.899818189053224,13.370573812454309,12.864398063266268,14.859771685214325,15.583600453724276,15.401249159178164
1.9946291562525527,0.11060662531943007,2.1010914832887746,2.800482628953606,3.7125846734356642,4.2015906071400675,5.200539974352195,5.605882601087511,6.299938788079267,6.998837591091274,7.707154726322124,8.125610061876998,9.654597851872039,10.39819887662986,10.499483950623274,10.832813751281083,11.900659960638075,13.36987525151465,12.864495710099577,14.859829390094424,15.583280932852542,15.398819719100135
1.992726694570067,0.0708190125249403,2.1011904455351176,2.8004101803915895,3.71262467776445,4.201600428169739,5.200429088333352,5.599796249998804,6.299715815253324,6.998900312266182,8.166868996413855,8.125603873227908,9.654825551355843,10.398426148799333,10.50527263957815,10.832950179472588,11.905970250631592,13.370573812454309,12.872644845636108,14.859811229938872,15.583600347334364,15.403117186376571
1.9935755122050318,0.10661942111666778,2.099596915306612,2.9715901614922253,3.7118421533075723,4.201607703339083,5.200439839377059,5.599445263837515,6.299703078422141,6.998814607540012,8.165234764270924,8.12583012077544,9.654096282889267,10.398204085062503,10.499377407166548,10.833053772965192,11.91009429218201,13.366639465979516,13.307689736911405,14.8597952489052,15.582415426145154,15.401210244872521
1.9952901538284453,0.06962917675183233,2.1010706848856753,2.80046695906925,3.7118028775647978,4.20162747411743,5.200662130724551,5.599451236778076,6.3001427257829805,7.000814659064441,8.16523258445697,8.123817917933238,9.654077344212832,10.39845394857747,10.499054002608446,10.833051587594028,12.628783509792466,13.369907659432448,13.302157319230334,14.859666150245715,15.583475818068383,15.40097690430833
1.993451359632156,0.12730453422434065,2.0995300169204882,2.803008260237163,3.711833504708341,4.201631448470544,5.200426047785074,5.602949912007529,6.299769328878578,6.998907501710847,8.165234362311278,8.125624805299726,9.65457857720008,10.399299761386548,10.502705135007513,10.833009048969554,11.906652358248447,13.369858642998812,12.861459024494428,14.859824249395439,15.583975218897436,15.397251389902019
1.9927868247386085,0.07841815719948544,2.1000754617292996,2.800466643118269,3.7124516901136433,4.201472000027991,5.200661399138511,5.599458146155686,6.299712718352281,6.9988757825650945,8.165232041237486,8.123398300661256,9.65462354117803,10.39844361853656,10.499452963633093,10.832688233415977,12.6289020002375,13.370581445534334,13.300191887979125,14.859829450952047,15.584608093005322,15.399538983379209
1.9713030522307986,0.03935477534050878,2.100292708297555,2.8005411862750647,3.712502803756265,4.2015890692481985,5.2005671188527245,5.598317604273893,6.3001386459073485,6.9988066672742635,8.16618312104316,8.1236001171958,9.654608016918958,10.3984680981848,10.505919847494638,10.833048262756613,11.901329661593298,13.371198002010052,13.308030071287146,14.859657888824021,15.58469728661043,15.401416052575666
1.9945377007338438,0.021883447079850654,2.100057326366334,2.800390339865917,3.7125248083964277,4.201912701197379,5.200531625219792,5.599880564072997,6.300142946413359,6.998807465702168,8.16513874399927,8.12380278750423,9.654528694946611,10.398453732478512,10.499493910168335,10.832637281341997,11.901422066908601,12.595325566963743,13.30374371116335,14.859820788561885,15.583442071212216,15.401444427967883
1.9985580751763874,0.10387679471268638,2.100303302800714,2.7986795564386138,3.712505632498305,4.20159013321818,5.200539369077729,5.599343340789538,6.3001510165526975,6.998838496570376,7.708821211026444,8.123844933050945,9.654603451309422,10.398199152264803,10.497591307745017,10.833100696561695,11.904973032867389,13.369515683625922,12.864470195604948,14.859822235111237,15.605025746513235,15.401279188296003
1.9920473148498887,0.08395341738319727,2.1003145970244717,2.8002427151594116,3.7125769681730203,4.201616955546634,5.200832191400207,5.599287142053306,6.3001544584736395,6.998696644760525,8.165194337574727,8.123854572773913,9.654594571492533,10.398200090566394,10.49922893481047,10.832662919535297,11.900502373524457,13.370575470241336,12.8625998875818,14.85982281498247,15.584627645049704,15.401302627317126
1.9999304729162435,0.025745442337560473,2.1011719046684187,2.8000244998018244,3.7124918480550986,4.2019414432772235,5.195923800865823,5.599513410495662,6.2996805671236755,6.998846705174306,8.166231100205216,8.125504073427173,9.65385174670824,10.398199763046106,10.499481659355096,10.83263825267148,11.899795144403354,13.366907827243638,13.303928515541388,14.85977558645409,15.583447500009724,15.399542271353976
1.9714510084199257,0.004524456426541302,2.1000794027064877,2.8004926585351475,3.712539278567623,4.201364442930142,5.200654297041974,5.5994765313822645,6.2998831895155,6.998907560842957,8.165234361358957,8.125575100409478,9.654157444126723,10.398203121924631,10.499480830576085,10.832496559456688,11.899844717435393,13.371235660900505,13.30941703493636,14.859775611036268,15.584092896583611,15.399512267977455
1.9944616474204089,0.014755126640267978,2.1011919230491802,2.798754396430282,3.7125240675932734,4.201600803837373,5.20065852576607,5.596779705325362,6.299676079781679,6.998766043783447,8.165047467692572,8.125538304589828,9.655424246351286,10.398494621140493,10.499376961720557,10.832816005331212,11.90056673525121,13.371195741437699,13.300079625381006,14.85964725348359,15.585136586420118,15.399425765236245
1.916286237094968,0.04591908790673518,2.1000756964453524,2.800408695431611,3.71255427140528,4.201940037399182,5.196024655075085,5.599726847578519,6.299688309282056,6.998905998719208,8.165223764437803,8.123788849052673,9.654650080520444,10.39818925387182,10.499502760085335,10.832689485474393,11.903666795664869,13.370680785509068,13.303627738288514,14.859828847111899,15.584608299148332,15.399161362162088
1.994549519870744,0.013145606775279324,2.101135602633273,2.8004267327234076,3.7125405930693605,4.2013630432923,5.196267906126939,5.599475515113491,6.300180051780012,6.998909403319349,8.166489671876857,8.123324301871437,9.654624023732863,10.39819757693065,10.49931661862592,10.832821953836529,11.900400584735284,13.371220513307357,13.297293699618217,14.859775680374216,15.584635912185696,15.401304909138664
1.9996576059838804,0.08398546062912472,2.099567111001198,2.8003031027933334,3.7125774721443796,4.201374102391269,5.200535364874837,5.599312083037588,6.3002002874176695,6.998838042135642,8.165223767772295,8.123800950856065,9.654381436807833,10.39845984262958,10.499147013412378,10.832705862800085,11.900381463138421,13.371292319135387,13.304097241170274,14.859830211838396,15.603978262541482,15.399120817287358
1.9996527616639475,0.08510199193900225,2.099584573134609,2.8004102293861126,3.7124849792592283,4.201973653232325,5.200780623611524,5.599731604762836,6.299725525354219,6.998800576761257,8.165226851170187,8.123843116161101,9.654639947148087,10.398476318683079,10.499323524492027,10.832514735183581,11.899872591903891,13.37061463708508,13.297733659171914,14.859774219839595,15.584600361316234,15.39890833512038
1.992689945480143,0.040534375119531195,2.1000048523408816,2.8004253026837738,3.712538116986181,4.201370237821077,5.196290769224259,5.599728284402473,6.299909030203048,6.998786835140563,8.165226750624077,8.123342237269233,9.65464978982428,10.398199869358052,10.500737125124639,10.83282226218224,11.89991164213659,13.370676483952229,12.866163667230971,14.859772459136126,15.583595751681097,15.40130381312401
1.994572163335507,0.03889044267516905,2.0995861926879145,2.8003797606570133,3.7125586976172236,4.20158926793916,5.195865771410781,5.599572781126948,6.300192056953212,6.998848105928623,8.16522819332707,8.12548564782318,9.654590249672612,10.398476387326623,10.499163212792013,10.83253978874569,11.899958661598717,13.37127529286092,13.297660438890048,14.859772650273252,15.584564633635827,15.401345331917579
1.994357530343733,0.040331963857719914,2.1011043086967063,2.800469143228415,3.712540143722016,4.201374316397321,5.196027634172928,5.599384218196136,6.299713733286961,6.998904926879379,8.16522375892808,8.123817069478784,9.654711385198095,10.398451352251794,10.500632043348327,10.832699716619521,11.900341475857095,13.371271175568028,13.303922017542513,14.859770745798935,15.584607427159506,15.40119326938107
1.995247421751175,0.040331963857719914,2.1011043086967063,2.8002430649581727,3.7125778000705756,4.201374946553118,5.196027927057642,5.599287831600238,6.300198052660906,6.998770196216393,8.16522375892808,8.123816424804719,9.654381369673057,10.398383868347612,10.500552017185315,10.83270314521987,11.900317835474297,13.371253961465019,13.304107978708396,14.859770662944545,15.584608048305686,15.40132867559014
1.9945377007338438,0.04669306589024333,2.1000863508687817,2.79957101621091,3.712554767347133,4.201940188286247,5.195872494348423,5.603405940324422,6.299933874711753,6.998807465702168,8.16513874399927,8.123785016138775,9.65383731903836,10.398453732478512,10.499032381621051,10.832689444647707,11.903550031621995,12.595325566963743,13.303622593962283,14.85892855007374,15.583442071212216,15.399208498471113
1.9999593703752174,0.03910090870876952,2.101118899608111,2.7970941730131464,3.712493105578638,4.201370895766975,5.20055237376807,5.5993975516057715,6.299719311526368,6.998801590613201,8.16522387714102,8.123834382355554,9.654596494965848,10.398180030602541,10.499487668177196,10.832515214956947,11.899828318438757,13.371200764684472,13.303975912857759,14.859828755340335,15.583741258907393,15.40124310812063
1.9989877401598994,0.040494912776504285,2.099591718628826,2.800407543245821,3.7125579637161032,4.201358747859158,5.19594003068868,5.599305454640212,6.2997211945629665,6.9988015917836925,8.165227223563353,8.123301561150942,9.654362876247212,10.398451092251072,10.499473707671239,10.832526104385325,11.900281175881462,13.37128010527566,13.297788949050547,14.85977436727001,15.58494429346638,15.398881616824516
1.994549519870744,0.005728405609018793,2.101135602633273,2.800511631832221,3.7125398421921774,4.201363130748737,5.196413505130193,5.599396372508301,6.2997153067748215,6.998837133600673,8.165227081706673,8.123379906279753,9.654627118658567,10.398199566804054,10.499252051442886,10.83251702980916,11.900400375899562,13.371266419369364,13.297824960983483,14.8597687927072,15.605153820117392,15.401223281176811
1.9991227476382363,0.04408240014792764,2.101039039427421,2.800469642989443,3.712540161193535,4.201374649890121,5.1960353692204455,5.599384373761122,6.30019668440907,6.998904926210847,8.165223743821555,8.123808663562269,9.654170471820946,10.39845137146624,10.499170537851194,10.83263432286777,11.90035039315156,13.371271175799517,13.304252614904726,14.859770716594456,15.584620083788948,15.40118041731757
1.9943653225696913,0.003588210327729288,2.1000734395252114,2.800470566188816,3.711683937384101,4.201363081127142,5.196052358289636,5.599529767242868,6.300197708465045,6.998767109801478,8.165239453697419,8.12364644976404,9.654624892066822,10.398197796579716,10.5006899360349,10.832836108087399,11.900390203354588,13.371184066740952,13.303448207986678,14.859830198908169,15.583693796218054,15.401296558834474
1.995378958039927,0.003959076522095678,2.1000734667468435,2.800389301069165,3.7117895214358634,4.202013726889399,5.196051921476426,5.599382595370702,6.300198534909596,6.998914027553604,8.165226747944782,8.123816425891984,9.654147973050895,10.398370528783827,10.500689178894868,10.832823803998469,11.900335012786083,13.371184380065642,13.303004757341498,14.85977231909553,15.583693731960022,15.401306016429098
1.996465153445453,0.004145876377443047,2.1000419328265916,2.80040816880208,3.712539371385372,4.201360496591083,5.19622495958585,5.599390317113328,6.300208935032002,6.998800200334953,8.165227225210131,8.12330752431183,9.654374539889215,10.398389377333007,10.499473887701487,10.83254844010421,11.900257363476774,13.371276163474215,13.302988652347937,14.859770757373969,15.584983154678968,15.400396869367553
1.99523431851901,6.38955749236781E-4,2.099633880387033,2.8004080716676953,3.7125399282670406,4.2013607613907675,5.195851780786671,5.599395744409598,6.300172338824439,6.998801570327537,8.166299005768861,8.123314732936144,9.654378668494436,10.398217993507451,10.499316823996839,10.832646742486173,11.8997193401654,13.370633973208186,13.310724448448724,14.859832565583533,15.584952115356776,15.400365217689556
1.9986547033417386,0.003959076522095678,2.1000780349128947,2.8003861883066126,3.71253822392538,4.201991462063147,5.196024314420746,5.599383349520072,6.300172596218016,6.99877088967645,8.165226747944782,8.123815082884445,9.6541421063059,10.398197834156532,10.500691395236762,10.832708047319068,11.899918104982238,13.37067685144247,13.303004757341498,14.85977231909553,15.583713603900579,15.401305935922213
1.9996515120000868,0.0032934109372727543,2.1000734667468435,2.8003674933813736,3.711784818187785,4.202013726889399,5.200659424922774,5.599383503109523,6.300172596218016,6.998914027553604,8.166270471256029,8.123816425844364,9.654147975325989,10.39821459851192,10.500832928103941,10.832648255303633,11.89971195148469,13.371183298569234,13.303004757341498,14.85977231909553,15.58376361358707,15.400408406997515
1.9996618428711253,0.0020712558856246024,2.099600649560578,2.800473717077917,3.712538822583483,4.201361108008042,5.200659313157333,5.599392379548566,6.30019659883711,6.998904359631782,8.165227558520394,8.12380865824976,9.654169245227889,10.398219392773642,10.499106003740664,10.832634353564844,11.900348627510024,13.371275087762614,13.302918501621523,14.8598300902744,15.584620360030096,15.40132280401725
1.9999916827004607,5.9883257476360486E-5,2.100004965209815,2.8003879036845376,3.7125369424163894,4.201977547245839,5.196284949740358,5.59950580164905,6.3001988432272,6.998780251414441,8.165227534248219,8.123816799332731,9.654142575215312,10.398217302394206,10.500826508391457,10.83282322239926,11.900303668510837,13.37118159454866,12.866268649268932,14.859775199308267,15.58369255928069,15.40127086163797
