0.9207409682912806,0.6819808647255439,0.9340257050192838,0.18928479537006737,0.6764741795271285,0.3617222150420586,0.7659527348150376,0.6139880410865576,0.6702188604193429,0.17560244480258802,0.5637419563582545,0.35197060858992824,0.6206459367989011,0.8945217548327352,0.5973033505737683,0.6352850022211959,0.23258267714823289,0.011294873984548759,0.6384997565298225,0.3594729418416376
8.485453839207257E-8,1.4753766626655657E-5,1.4777349350543825E-4,0.01654179386616383,1.1531989653558602E-5,0.002382320819916184,0.014500742630546903,4.0536955989108546E-10,0.0,7.73099605848607E-14,0.5525902821451452,1.4800786969720225E-17,1.646293147928719E-4,8.031058408197213E-5,1.1516067656683707E-17,1.3904739544136693E-4,0.0,0.03420984136392787,0.06405664664638899,0.8187764576593255
8.485453839207257E-8,3.1758652447024557E-4,0.0,0.0,2.1969345673100867E-6,7.741857961903635E-16,5.200710659850919E-15,2.236397769746834E-8,0.0,7.867144652696218E-14,0.05994015367794208,1.4800786969720225E-17,1.2867393745855271E-16,0.006027001371931473,1.1516067656683707E-17,3.030693561870609E-15,0.0,5.199141522642125E-16,0.0,1.9936101940562066E-14
1.0557621331409623E-7,0.01241610368210122,0.0,0.0,5.091699732965305E-4,7.741857961903635E-16,7.897321189348777E-14,7.067947098596078E-9,1.238978394048494E-12,5.471616289347857E-14,3.427870772588736E-5,1.4800786969720225E-17,2.1570452139934233E-12,1.2239906094093983E-16,2.6203544490687434E-15,6.192960776305051E-14,0.0,1.8131931091400584E-13,0.0,1.216668412260088E-12
9.17005863848005E-7,3.1758652447024557E-4,0.0,0.0,0.0,0.0,1.2098509607581493E-15,2.9852517328977963E-7,0.0,7.867144652696218E-14,0.0,1.4800786969720225E-17,1.2867393745855271E-16,1.2239906094093983E-16,1.1516067656683707E-17,3.030693561870609E-15,0.0,0.0,0.0,1.2756066283258124E-15
8.596791640047837E-7,5.191676328873506E-4,0.0,0.0,0.0,0.0,2.4348156207440627E-16,0.0,0.0,7.475831023352008E-14,0.0,1.4800786969720225E-17,1.765163499603706E-17,1.2239906094093983E-16,1.1516067656683707E-17,0.0,0.0,0.0,0.0,1.2756066283258124E-15
8.290619807930144E-6,0.586556168221946,0.0,0.0,0.0,0.0,2.4348156207440627E-16,0.0,0.0,7.420319872120751E-14,0.0,1.4800786969720225E-17,1.2867393745855271E-16,1.2239906094093983E-16,1.1516067656683707E-17,0.0,0.0,0.0,0.0,0.0
8.591229309634017E-7,0.9952606712763882,0.0,0.0,0.0,0.0,2.4348156207440627E-16,0.0,0.0,7.475831023352008E-14,0.0,1.4800786969720225E-17,1.2867393745855271E-16,1.2239906094093983E-16,1.1516067656683707E-17,0.0,0.0,0.0,0.0,0.0
1.2276598547534862E-7,0.9982374559506019,0.0,0.0,0.0,0.0,2.4348156207440627E-16,2.9795495962048417E-7,0.0,7.475831023352008E-14,0.0,1.4800786969720225E-17,1.765163499603706E-17,1.2239906094093983E-16,1.1516067656683707E-17,6.127561477119004E-14,0.0,0.0,0.0,8.423077017984929E-16
1.2276598547534862E-7,0.9998910479088213,0.0,0.0,2.3594215354426984E-14,0.0,2.4348156207440627E-16,2.9795495962048417E-7,0.0,7.766202394237682E-13,3.8051715054491734E-16,0.05537191748820121,1.765163499603706E-17,1.2239906094093983E-16,5.856253876901467E-16,9.418368340766021E-14,0.0,0.0,0.0,8.423077017984929E-16
4.864670178679077E-7,0.9999646923932145,9.446071104209063E-15,9.696573483981666E-9,0.0,4.2511413933983705E-12,3.3147013649087164E-14,1.4839742199679025E-11,1.2284994520222504E-11,2.6191298962326772E-9,0.0010638176514760943,2.1712693512106098E-10,1.0025184019805329E-8,2.958497986284589E-14,2.542259012386613E-13,1.0892772981541959E-7,1.8755299480120768E-11,2.012052247827723E-11,1.8598572377361796E-14,1.9213674695708193E-8
1.4505971356116904E-7,0.99825197608397,1.718214233709513E-7,0.0019321291454570053,0.0,3.6918401217812813E-4,5.119418505054816E-7,3.1019338850446546E-10,1.9186548019475442E-7,0.0026414657996522944,3.8051715054491734E-16,5.259742487784117E-5,1.765163499603706E-17,7.945513725200762E-6,8.477395017519596E-4,4.1206673690203067E-7,9.394800833987041E-5,7.392161129669394E-7,3.21790421295096E-8,4.054435428485981E-15
0.7679969575295374,0.49817188537930845,0.6627381767184136,0.08784082812823857,0.1724570394274464,0.6500578204154543,0.6162898177149723,0.8181530993652336,0.3118283992385047,0.8925901354546097,0.6082579829162564,0.3190462833335418,0.33117531508844045,0.7976746751877175,0.5027722923695205,0.8865368364307213,0.29729434017285095,0.7289273974743725,0.4821616967111151,0.8049020829278914
0.05127401204675008,3.673559146066134E-5,0.05353280239436499,0.9474945450265684,0.06544500427229023,0.18239348759360907,0.9072228116654618,6.852490822347769E-5,0.17996128170181977,0.372630472541592,0.5498902047605504,0.5977975274415481,0.0021420051818948557,0.023675308473201206,0.9236855850155415,0.05040942601910793,0.40490385687338126,0.07474136836965035,3.436538219409157E-4,0.8215953751217508
0.06645211556136624,7.235893152997844E-5,1.6569105255061524E-11,1.580365413783369E-11,6.205724248494529E-12,7.114788990696547E-9,1.604748560460937E-11,1.0540756547842422E-7,2.1052254811282508E-5,5.322215341006639E-5,3.12294360438312E-11,4.75084410312359E-12,2.0530684400693022E-10,2.581169562240665E-11,0.0034719415924842397,7.303650156314221E-11,8.467555621652224E-10,1.0779954297637948E-9,0.0013481819986424328,0.073875490471069
0.0584405620092066,1.7692901846438902E-4,1.938541060951216E-11,3.0867660588639214E-15,0.0,0.0,1.5891791604401576E-7,1.0024926799658502E-11,0.0,2.1525535464986805E-11,0.0,1.4800786969720225E-17,1.9284743309621892E-11,7.513057964817627E-9,1.1516067656683707E-17,1.8024316773331287E-11,8.321532407899926E-14,1.38126594983448E-9,0.011481941020271213,9.672334388195836E-13
0.0581182825569727,5.189267179088021E-4,0.0,0.0,0.02721329002753712,0.0,1.3245925961189061E-16,0.0,0.0,7.420319872120751E-14,0.0,1.4800786969720225E-17,1.765163499603706E-17,1.2239906094093983E-16,1.1516067656683707E-17,0.0,0.0,0.0,0.0,0.0
0.05859307236774837,4.6639520090272467E-4,0.0,0.0,0.0,3.979754421065547E-16,4.655261669994376E-16,0.0,0.0,8.808531759965776E-14,0.0,1.4800786969720225E-17,1.765163499603706E-17,1.2239906094093983E-16,1.1516067656683707E-17,4.2588451485170364E-15,0.0,1.0507144405231805E-15,0.0,7.204951160132341E-16
0.05811772968774531,0.01079056352935688,0.0,0.0,0.0,0.0,1.3245925961189061E-16,0.0,0.0,4.2682785978092365E-14,0.0,1.4800786969720225E-17,1.765163499603706E-17,1.2239906094093983E-16,1.1516067656683707E-17,0.0,0.0,0.0,0.0,0.0
0.059357730279655,0.9346939159288664,0.0,0.0,0.0,0.0,1.3245925961189061E-16,0.0,0.0,4.561154180600885E-14,0.0,1.4800786969720225E-17,1.765163499603706E-17,1.2239906094093983E-16,1.1516067656683707E-17,0.0,0.0,0.0,0.0,0.0
0.05604283137049941,0.9999480870558854,0.0,0.0,0.0,1.5272449936692052E-13,1.3245925961189061E-16,0.0,0.0,4.153538290592837E-14,0.0,1.4800786969720225E-17,3.4038192091928E-11,1.2239906094093983E-16,1.1516067656683707E-17,0.0,0.0,0.0,0.0,2.2753952560414328E-15
0.05604283137049941,0.9999480870558854,0.0,0.0,2.0081563677238265E-14,1.843620703566328E-14,3.723044731918404E-15,0.0,0.0,8.069205228298776E-13,3.8051715054491734E-16,1.4800786969720225E-17,3.4038192091928E-11,1.2239906094093983E-16,5.856253876901467E-16,0.0,0.0,5.077999495619635E-5,0.0,6.353691212329707E-15
0.06619453989166288,0.9999588557129988,0.0,0.0,2.133548913761195E-14,1.8324472079941997E-14,3.723044731918404E-15,0.0,0.0,7.786422246036901E-13,3.8051715054491734E-16,0.05535015719449267,6.762851787607436E-16,1.2239906094093983E-16,5.856253876901467E-16,9.447090557260829E-14,0.0,0.0076126700186749385,0.0,6.353691212329707E-15
0.06456820057139082,0.9999748941118045,1.830379105071102E-9,0.011968040288014677,2.8955044304500516E-4,0.008716196288894312,5.152556950594161E-9,1.0826518972917133E-10,1.4395854132390715E-8,1.4373847962771257E-9,1.5438438174032714E-9,5.516895647141487E-8,1.0773145410793489E-10,1.1811178957039416E-11,7.93944852664035E-5,1.5585666148585247E-10,3.16155121177356E-11,3.1123969685921915E-11,1.7063649479769766E-6,3.253485999484963E-10
0.0382274433180414,0.9999351193187326,0.0063069862570131665,0.06782738867019077,4.811478676541945E-4,0.008695816357438248,0.5791715997203726,0.29537639715243746,0.030998153869502887,2.179915717135797E-4,0.10391000515790902,0.6744804575254293,0.03216214973701843,0.3546115583221864,0.024033428435948467,0.34926942556598284,0.6729011032206011,0.9837051045490989,0.09083201475742275,0.7240456541309555
0.10472264873031056,1.0220112124437696E-4,0.11572044519298197,0.11091041967935289,8.898477731022443E-4,0.20199908266880245,0.05920793267498575,0.0379892570100427,2.5216039013784376E-6,7.667004541000161E-5,0.016188870918750653,3.9952983616912255E-6,0.01680215580307306,7.757909851689553E-5,0.018765037294107636,4.4432004750944625E-4,0.24889459410780163,0.04519947359812909,0.09941180669781702,0.11907306329712657
0.13597475846102963,7.331509691318042E-7,3.219857184655481E-9,1.4447709534783385E-8,9.89465660788496E-9,1.4719191355196505E-5,5.592880977809501E-14,1.1192675496619553E-7,5.7082454593986315E-9,3.4039746737838E-8,2.3210270302899685E-6,8.999981386052194E-8,7.45160185512385E-9,6.121834839384419E-11,1.6648736069831025E-8,4.0022402672849094E-8,9.873843088320958E-9,5.925341218147483E-9,2.1860248002681698E-8,4.1122934581998456E-4
0.15437951763199648,7.672517916652098E-4,2.868150500532994E-13,0.0,6.870158290351893E-4,4.085084595170589E-11,4.655261669994376E-16,0.0,0.0,5.901851089674181E-13,0.0,5.710203581220803E-14,1.2867393745855271E-16,4.901870785771657E-8,1.1516067656683707E-17,0.0,0.0,0.0,0.0,0.023345960835455284
0.17040989170486723,7.503911943563263E-4,0.0,0.0,6.639871527766763E-4,0.0,1.3245925961189061E-16,0.0,0.0,4.308714568538897E-14,0.0,1.4800786969720225E-17,1.765163499603706E-17,1.2239906094093983E-16,1.1516067656683707E-17,0.0,0.0,0.0,0.0,0.0
0.17497121491913786,0.0019434828541231384,0.0,0.0,0.0,0.0,2.4348156207440627E-16,0.0,0.0,7.475831023352008E-14,0.0,1.4800786969720225E-17,1.765163499603706E-17,1.2239906094093983E-16,1.1516067656683707E-17,0.0,0.0,0.0,0.0,0.0
0.174522561150963,0.5013762677402045,0.0,0.0,0.0,0.0,2.4348156207440627E-16,0.0,0.0,7.475831023352008E-14,0.0,1.4800786969720225E-17,1.765163499603706E-17,1.2239906094093983E-16,1.1516067656683707E-17,0.0,0.0,0.0,0.0,0.0
0.17662478382082356,0.9906666237342068,0.0,0.0,0.0,0.0,2.4348156207440627E-16,0.0,0.0,7.475831023352008E-14,0.0,1.4800786969720225E-17,1.765163499603706E-17,1.2239906094093983E-16,1.1516067656683707E-17,0.0,0.0,0.0,0.0,0.0
0.18897644413411593,0.9999580925475875,0.0,2.1384111404206417E-12,3.9655951059355587E-16,3.5324978743556636E-13,7.929056773991413E-14,0.0,1.117437685767427E-7,7.328725504225071E-14,0.0,1.4800786969720225E-17,1.765163499603706E-17,1.2239906094093983E-16,1.1516067656683707E-17,0.0,1.8365432256623764E-16,0.0,0.0,1.2756066283258124E-15
0.14081758236807732,0.9999475116247847,0.0,9.447594402409747E-9,1.8103625099202746E-13,7.182644344221033E-14,2.096114896362158E-13,3.7120531169601973E-14,9.746838215530668E-15,8.263610687657537E-12,2.1054456465845616E-15,8.010003798758805E-13,7.52814792798069E-13,9.5604841571075E-17,5.420370320096944E-13,6.523090179669058E-12,7.084736362457116E-10,1.9375658806948517E-11,9.971878908109757E-6,1.0821594271631602E-11
0.13816619315848933,0.9999750386247301,1.7456661082653854E-9,0.011968040288014677,2.9196222269161666E-4,1.6578005227190753E-10,5.157036698679614E-9,1.0826518972917133E-10,1.5972504398958117E-8,1.4464397135130836E-9,1.5438438174032714E-9,5.516895647141487E-8,9.623599721208117E-9,3.5107604481435953E-10,3.5944585983608716E-6,1.7874189094670655E-8,3.026638427036267E-9,3.1997797102673465E-11,7.545361243660626E-10,3.253485999484963E-10
0.10466227018829866,0.9999763584221495,0.031657575451400896,0.111071067674883,0.005706703923739516,3.0944318662038814E-5,0.01601857019664412,0.04420164963178313,0.0025356291872273935,0.01983086375492535,0.006989757132742098,0.0032437355643146273,0.012429034873831877,0.11294235376221831,0.3149199938314926,1.160011660871884E-4,0.032290353367341776,7.115887933252215E-4,0.003256192085399307,0.016184979653703288
0.18481927289412511,3.7602891623418866E-5,0.0727333843107438,8.816989610578242E-6,4.001542747074232E-6,1.0036858722879222E-4,3.0731089327266505E-5,0.061934151756987105,3.3999652585899216E-6,9.245217124404967E-7,6.32504945696867E-4,1.5240492679955816E-5,0.005052632086792814,0.3136598011029792,0.03753193335870278,8.973849353979066E-7,0.02665206790344686,0.040843181848726054,4.204230906339277E-5,0.07085158350347909
0.21120053033405015,3.8675898275008364E-5,4.110112244423928E-13,0.0,2.310066761954785E-6,4.114961708147428E-9,2.2298746189366309E-4,0.01058324516252305,4.370914320547854E-7,1.7619926103614772E-11,1.0103055440742724E-8,1.4800786969720225E-17,4.640232458315317E-13,2.5775925746410152E-11,3.449023559386656E-8,1.6926134512016493E-10,1.421000247242439E-12,1.3238969004219316E-11,0.0,1.1400408554114346E-10
0.25005189885184376,7.709529010726412E-5,0.0,0.0,0.0,6.077054183697329E-15,4.655261669994376E-16,0.0,0.0,0.12569016452509552,0.0,5.706568269878277E-14,8.970538959082728E-15,1.2239906094093983E-16,1.1516067656683707E-17,2.8923816588462542E-15,0.0,1.0507144405231805E-15,0.0,1.6608258341275827E-15
0.25005189885184376,8.487768440131162E-5,0.0,0.0,0.0,1.3970236361133134E-13,4.655261669994376E-16,0.0,0.0,5.897533477754151E-13,0.0,5.706568269878277E-14,8.970538959082728E-15,8.095390655362159E-16,1.1516067656683707E-17,2.8923816588462542E-15,0.0,1.0507144405231805E-15,0.0,1.6608258341275827E-15
0.27563897088661266,0.017835465753256265,0.0,0.0,0.0,0.0,2.4348156207440627E-16,0.0,0.0,4.348264899412005E-14,0.0,1.4800786969720225E-17,1.765163499603706E-17,1.2239906094093983E-16,1.1516067656683707E-17,0.0,0.0,0.0,0.0,0.0
0.2785157509577997,0.9592187232109592,0.0,0.0,0.0,0.0,2.4348156207440627E-16,0.0,0.0,4.61940820241796E-14,0.0,1.4800786969720225E-17,1.765163499603706E-17,1.2239906094093983E-16,1.1516067656683707E-17,0.0,0.0,0.0,0.0,0.0
0.2778208413163761,0.9999580925475875,0.0,1.2017584010581605E-14,0.0,3.5324978743556636E-13,9.11830194406482E-18,0.0,4.2377611880953205E-10,7.328725504225071E-14,0.0,1.4800786969720225E-17,1.765163499603706E-17,1.2239906094093983E-16,1.1516067656683707E-17,0.0,0.0,0.0,0.0,1.2756066283258124E-15
0.24744997556959797,0.9999485330686166,0.0,9.431851909076528E-9,2.3143756997612505E-14,4.5148065288324615E-11,7.970460091237438E-14,0.0,0.0,1.2927066321498505E-11,3.8051715054491734E-16,1.4800786969720225E-17,3.469539727386995E-9,6.775105732535181E-16,1.1516067656683707E-17,4.1393375335417445E-7,1.8365432256623764E-16,0.0,1.248774312062892E-7,4.054435428485981E-15
0.21510314568183492,0.9999903519839562,3.4147082962788426E-10,2.411365946423579E-7,1.7257453979380352E-8,1.2257456227734394E-7,1.6739133252583175E-8,1.374931899448326E-10,2.6454776125764833E-9,2.612940016774852E-8,3.0550494480592175E-10,3.0507074748667984E-9,5.056645619535427E-10,2.7830933764982147E-11,1.2678960649730103E-6,1.533748343020097E-8,7.727694617718548E-9,6.084495634879778E-10,1.3828505672599333E-8,1.4524146343382475E-9
0.1855272535406416,0.9999491906456518,1.424380844101264E-5,0.09686745856472627,0.0045765766473196854,0.03611316995799932,5.263265824067762E-7,2.9105423591325373E-7,1.8616613354099958E-7,0.002610781238761391,0.05952034927975699,0.0036471146548417628,1.0396388317385723E-7,3.217655224500432E-4,0.07041955897781796,0.061495683700776696,0.01723189006968783,3.292099044397048E-4,5.819998706877565E-5,0.016760918094959915
0.27939499249489064,9.64735470598845E-5,1.9800326404070118E-4,0.004662019559975217,1.068683457181507E-5,0.2308146633115915,7.836762567571099E-7,1.546876704979993E-5,0.04515931911467435,6.532555460679512E-11,1.2427540874913575E-4,6.392587276524723E-8,1.210600066257562E-7,4.705338378750226E-4,4.304871310960162E-4,0.013195269423186105,0.026176157546167547,2.8424390450095334E-9,9.709988272678597E-5,2.429198825606722E-6
0.32293717182237747,2.837250103389791E-4,2.5715008081456614E-10,3.6297487927503304E-9,3.679685618706886E-11,3.827319949792054E-9,1.408889242920548E-7,9.728846770210714E-12,3.5966950227270836E-11,4.240610451555077E-9,9.3720756872923E-12,8.889855522160444E-9,2.1744863212392398E-10,7.490701643111735E-9,5.968759759210821E-10,2.13353206551388E-10,8.12003594844718E-10,1.3736607391875945E-9,1.5912920883889703E-8,3.139811916674009E-11
0.3846933951544229,5.189267179088021E-4,0.0,0.0,0.027002470768490425,0.0,2.4348156207440627E-16,0.0,0.0,7.475831023352008E-14,0.0,1.4800786969720225E-17,1.765163499603706E-17,1.2239906094093983E-16,1.1516067656683707E-17,0.0,0.0,0.0,0.0,0.0
0.3815337872753182,4.037734853097031E-4,0.0,0.0,0.0,0.0,2.4348156207440627E-16,0.0,0.0,7.867144652696218E-14,0.0,1.4800786969720225E-17,1.765163499603706E-17,1.2239906094093983E-16,1.1516067656683707E-17,0.0,0.0,0.0,0.0,1.2756066283258124E-15
0.39370041739731176,0.5013762677402045,0.0,0.0,0.0,0.0,2.4348156207440627E-16,0.0,0.0,7.324057445240507E-14,0.0,1.4800786969720225E-17,1.765163499603706E-17,1.2239906094093983E-16,1.1516067656683707E-17,0.0,0.0,0.0,0.0,0.0
0.38929642322500696,0.998858827137981,0.0,0.0,0.0,0.0,2.4348156207440627E-16,0.0,0.0,8.787979623530063E-14,0.0,1.4800786969720225E-17,1.765163499603706E-17,1.2239906094093983E-16,1.1516067656683707E-17,0.0,0.0,0.0,0.0,3.8742820862568715E-16
0.3738483563969059,0.9999274687801413,0.0,7.475613696150119E-13,2.0078769533178113E-14,2.3568887078149103E-11,2.4348156207440627E-16,5.47675315881834E-16,9.746838215530668E-15,1.7843911650187186E-12,2.2130611536404135E-15,1.4800786969720225E-17,3.255234857796489E-14,1.2239906094093983E-16,1.1714286927081416E-13,9.085704107325525E-14,2.2337779727099893E-13,2.0783864454338218E-11,1.015169937267876E-12,2.667644387298184E-13
0.3209109560252188,0.9999176000309457,0.04962055401459941,1.28202611583123E-11,1.154986256745793E-12,9.028012196157974E-11,2.306398997478463E-16,4.053105133355152E-14,1.2251693170789395E-14,4.1476124574775855E-4,2.8190942231808086E-13,9.540321055648569E-13,6.797114227749914E-12,2.2318228077287373E-15,2.1175238453873075E-12,6.6305623037637514E-12,1.8712921566769866E-11,1.8326484003422393E-12,4.188709097981425E-11,4.189433584111449E-14
0.27975394739575304,0.9999301647573204,1.0722651917661205E-4,0.00538183944690547,0.05648212874533595,5.735908339155604E-7,1.3953811098632201E-5,2.1548099668183863E-7,5.907307783186551E-6,3.3657795415827123E-6,6.155862757230506E-4,5.320574161206428E-4,1.7105133895580576E-7,1.0341697349237119E-4,0.21546044777092277,2.5290688321956578E-5,3.2567276381768406E-4,3.795177574913267E-7,0.003305514333567863,2.9111381282916226E-5
0.38525796296594095,3.342502044538803E-4,4.107174121173929E-6,0.011080487572350244,3.985633477849127E-6,9.662273099688462E-8,3.078066849778259E-5,1.686188662932628E-5,3.4027377765902603E-6,7.755982342685219E-7,0.061472843677578576,1.4490776038490164E-7,2.2069590086291872E-8,9.299934411773417E-5,2.396010481430935E-4,8.29355674227236E-8,0.02699466850696729,3.402150611521958E-10,5.210360093434268E-7,7.275457586214363E-8
0.43052965213505634,2.79973723253981E-4,2.7813517885047985E-12,9.427279448985416E-12,1.9337580016416737E-12,2.2173780307107747E-10,8.951721452465115E-9,1.5421075934373892E-11,6.7575038718694886E-12,2.996032823026161E-9,1.538693474845253E-10,2.8187734084808388E-11,1.1952767469739434E-11,3.4186040681738567E-13,6.666240193485708E-11,3.4286319709235197E-10,6.453427244841645E-10,1.087696825854445E-10,1.7780229794511286E-10,1.523892591860703E-13
0.5011521870603222,1.2762943978496794E-5,2.868150500532994E-13,0.0,0.0,4.085084595170589E-11,4.655261669994376E-16,0.0,0.0,5.901851089674181E-13,0.0,5.710203581220803E-14,3.50718542383584E-16,5.014214180018866E-8,1.1516067656683707E-17,0.0,0.0,0.0,0.0,3.6534898993514407E-14
0.49948267615688763,0.0012518966131895859,0.0,0.0,0.0,0.0,2.4348156207440627E-16,0.0,0.0,7.321913104409455E-14,0.0,1.4800786969720225E-17,1.765163499603706E-17,1.2239906094093983E-16,1.1516067656683707E-17,0.0,0.0,0.0,0.0,0.0
0.49948267615688763,0.9865821886774937,0.0,0.0,0.0,0.0,1.3245925961189061E-16,0.0,0.0,7.321913104409455E-14,0.0,1.4800786969720225E-17,2.811949846544963E-17,6.775105732535181E-16,1.1516067656683707E-17,0.0,0.0,0.0,0.0,0.0
0.4885128348956098,0.9995478168709166,6.6507807337313044E-15,0.0,0.0,4.0277787056764634E-11,2.4348156207440627E-16,0.0,0.0,5.901851089674181E-13,0.0,5.710203581220803E-14,3.50718542383584E-16,5.0309766973803495E-8,1.1516067656683707E-17,0.0,0.0,0.0,0.0,3.5587358066927854E-14
0.4353956550135221,0.9999172426390196,3.684987863513471E-15,1.2619112854030207E-11,1.0216071876076331E-13,5.916224175866313E-13,1.8824388390406973E-14,5.737584767432331E-14,1.0055096691223774E-16,0.02971018564764418,2.7097195821690285E-14,9.067752473198877E-14,5.505721096763234E-9,2.2318228077287373E-15,4.1916861463163225E-13,6.6599502482635894E-12,4.015792678663749E-12,1.1865780302270233E-11,4.788934913044051E-13,7.77611190123263E-13
0.38476854525354276,0.9999301647573204,0.007886437479373423,1.746747762439401E-5,0.05648212874533595,0.03994867027290556,5.117996213683793E-9,7.605888559931619E-9,5.907307783186551E-6,3.4520945581933237E-6,2.098771113003066E-8,5.395914653982934E-4,5.432157207599025E-9,2.725362583982507E-9,3.771414370058214E-5,1.193843797667122E-7,3.380126837461749E-4,1.930702578880106E-8,9.726081780151948E-5,9.613624465651278E-8
0.49691820245003054,2.3942754723201476E-4,7.527723906970558E-8,7.012338632380534E-5,4.822986068170794E-9,7.906531351520878E-8,0.006964411031782304,3.430264140300662E-6,4.433579234663492E-5,7.929623806608943E-7,1.0365680385896281E-7,2.719196547082534E-9,5.274786121093515E-9,5.975772443291862E-6,0.0021224396433515494,3.1057918831481015E-12,5.978162413652226E-7,2.488298116062479E-10,0.0036372703883252766,4.0664299344506874E-10
0.5464797678581452,2.770462569480179E-4,7.136207990132743E-12,1.5955512447132024E-11,3.026778458357523E-12,2.8960314867132767E-12,6.553661366778961E-12,1.2612750863587479E-14,3.865380947921549E-13,7.348871786298245E-11,1.913691144735635E-15,3.9892682931458545E-12,8.632485947024346E-12,9.205613679987315E-16,8.230075078858897E-13,2.95507282059571E-11,6.259967179424478E-10,6.163150561463701E-12,4.2839569161896404E-13,4.553027841729961E-14
0.6047049639521068,7.559966522251438E-4,0.0,0.0,2.782484910118368E-16,1.5313415766984592E-15,5.373388310619089E-16,0.0,0.0,6.991285342128768E-14,0.0,1.4800786969720225E-17,4.617408448460997E-16,1.2239906094093983E-16,1.1516067656683707E-17,0.0,0.0,0.0,0.0,1.6086735357133593E-15
0.6094782243912301,0.49319577825520844,0.0,0.0,0.0,0.0,2.4348156207440627E-16,0.0,0.0,4.2866893526662803E-14,0.0,1.4800786969720225E-17,1.765163499603706E-17,1.2239906094093983E-16,1.1516067656683707E-17,0.0,0.0,0.0,0.0,0.0
0.6053037421904758,0.9990159141090488,0.0,0.0,8.59333041942596E-16,1.0973241687252232E-15,2.4348156207440627E-16,0.0,0.0,7.475831023352008E-14,0.0,1.4800786969720225E-17,3.50718542383584E-16,1.2239906094093983E-16,1.1516067656683707E-17,0.0,0.0,0.0,0.0,2.2753952560414328E-15
0.5422415018912314,0.9999444237218174,1.6086616178332073E-13,1.2361628011488443E-12,1.8103625099202746E-13,9.734931733472486E-12,2.0502490815655228E-13,3.7120531169601973E-14,9.746838215530668E-15,8.24469881882402E-12,2.7820403920487677E-13,9.921286324908985E-13,6.753101794093259E-12,1.433042915283672E-14,5.420370320096944E-13,6.723795047239974E-12,6.440703196461685E-10,1.8429174792857874E-11,4.558728698218926E-11,1.0795590059286437E-11
0.49649603700687484,0.9999221603410169,2.1398015673702158E-6,1.0787133101268645E-6,1.5095875760385065E-8,4.299062240444642E-8,5.939311992234838E-8,2.4723502737253287E-7,1.059165042911764E-5,4.202307006562818E-4,4.884918038422091E-4,1.7468437166423831E-7,7.145049688656501E-6,5.055915879252382E-6,0.011831728261195381,2.0509433972996988E-8,5.379933996861386E-6,8.002901195079186E-11,9.93239834443403E-6,2.284371897130012E-11
0.609776326425289,2.9223550155984445E-4,1.944511689566925E-7,4.280887840533502E-9,3.4394973682354566E-11,9.510709568657671E-8,5.021720433834844E-9,0.006484300556431336,5.505695893053414E-9,3.7374465532336325E-9,4.348621458010984E-8,5.577596205364267E-10,1.1517710870105984E-8,7.876177393126775E-11,0.11468733470762969,1.1520391364348462E-8,2.213838210578048E-7,6.5109309934709E-11,7.159347291447971E-7,1.311869348712328E-8
0.6646409102500879,5.109722599060396E-4,3.025949986285506E-15,1.0892424921622861E-12,2.1075395282288964E-14,2.355758899438337E-11,8.804983948932151E-14,1.1543837321586435E-15,1.5867715893789598E-16,1.7967074251997453E-11,1.2603986992803466E-14,5.3909173002191094E-17,1.638312416334635E-14,9.205613679987315E-16,2.765889348602654E-14,9.582669606541493E-14,2.2300227939199085E-13,6.341222901700726E-15,4.81459731059848E-14,5.449010214928189E-14
0.698455893015248,0.0019849580474521067,0.0,0.0,0.0,0.0,2.4348156207440627E-16,0.0,0.0,6.366695855369314E-14,0.0,1.4800786969720225E-17,1.765163499603706E-17,1.2239906094093983E-16,1.1516067656683707E-17,0.0,0.0,0.0,0.0,0.0
0.7075895448619743,0.9793155743973101,0.0,0.0,0.0,0.0,2.143695714937496E-17,0.0,0.0,1.8737306884369943E-13,0.0,1.4800786969720225E-17,1.765163499603706E-17,1.2239906094093983E-16,1.1516067656683707E-17,0.0,0.0,0.0,0.0,0.0
0.6646409102500879,0.9999588557129988,3.025949986285506E-15,1.0945120459704271E-12,2.1075395282288964E-14,2.355758899438337E-11,8.804983948932151E-14,1.1543837321586435E-15,1.5867715893789598E-16,1.7967074251997453E-11,1.2603986992803466E-14,5.3909173002191094E-17,1.638312416334635E-14,9.205613679987315E-16,3.4117178022718785E-14,9.582669606541493E-14,2.2300227939199085E-13,6.341222901700726E-15,1.0280722722074844E-13,5.449010214928189E-14
0.6091915574567239,0.9984097296463984,9.769380575472775E-6,1.9736358236119674E-6,9.989613161110667E-10,4.3024181876407894E-8,1.0878254452949773E-7,2.3387002987343858E-7,1.489542913228688E-9,1.0892444097742357E-6,4.531304130267499E-7,2.69013871514609E-7,5.227182688386021E-6,5.26544113197409E-8,6.405455995325108E-5,8.904083840964531E-8,4.680258977046224E-6,8.366228198884693E-10,1.398304938087442E-9,5.357940173524847E-8
0.7150067101727178,2.4265760014477444E-4,1.8530940013678762E-7,2.2218627362517944E-7,1.7422583053662387E-11,7.176624015423634E-8,7.015272942653493E-8,1.5994840482155336E-11,1.7948409748401186E-7,3.2580246168594973E-9,1.8704814884378568E-9,1.2837169063417496E-7,8.296288800333145E-9,5.0614529494881473E-8,4.1603291112516884E-7,8.719538456165583E-9,5.899775542195955E-8,1.1027689254533978E-8,1.0044088896976457E-8,8.097913735066197E-10
0.7569287669715987,0.0065193273486404526,0.0,2.5247488130600957E-16,1.955951034923098E-14,3.1844518281527855E-15,4.655261669994376E-16,0.0,0.0,1.777186930607526E-13,0.0,1.4800786969720225E-17,3.2995908055646456E-15,2.334213634034555E-16,1.1516067656683707E-17,2.222439201472865E-15,3.975241701289135E-15,0.0,0.0,3.676166908940829E-14
0.7548331083102284,0.9974864341996962,0.0,0.0,0.0,0.0,2.143695714937496E-17,0.0,0.0,6.406696830540695E-14,0.0,1.4800786969720225E-17,2.811949846544963E-17,1.1376758478424172E-17,1.1516067656683707E-17,0.0,0.0,0.0,0.0,0.0
0.781667477678209,0.9993279528497147,9.665345667484466E-18,0.0,8.59333041942596E-16,1.0973241687252232E-15,4.655261669994376E-16,0.0,0.0,1.5569576253087994E-12,0.0,2.7125250919640807E-17,3.2995908055646456E-15,2.334213634034555E-16,8.034676380284375E-14,5.765569418625031E-15,1.3143979758842442E-15,2.005802475514809E-15,0.0,4.5034893372680845E-14
0.7146014192688716,0.9999448973963021,3.684987863513471E-15,1.2619730928424674E-11,1.4976173623402272E-11,4.317163629992587E-9,1.7311849385486003E-9,0.019968440723875016,1.8312700830315693E-7,0.02887714327654218,9.279177659411449E-16,9.112969887388392E-14,5.505721096763234E-9,1.2326220855660964E-15,5.071267889889792E-9,6.675686517777919E-12,5.7835637436099885E-8,1.0691197276113331E-8,4.788934913044051E-13,7.77611190123263E-13
0.8085983660731761,2.837250103389791E-4,2.5715008081456614E-10,3.6297487927503304E-9,1.306135578577449E-12,3.4401348818749773E-10,1.4426657487079909E-9,4.2715497166353246E-13,1.017955150486727E-10,4.002727663864929E-8,9.977717184131304E-12,9.175456166554816E-9,2.1744863212392398E-10,7.490701643111735E-9,5.934851341148577E-10,2.13353206551388E-10,8.12003594844718E-10,1.4168570246011388E-9,1.6107897542505192E-8,3.1470288138542885E-11
0.8560634726173724,0.011033897966119983,0.0,0.0,0.0,0.0,1.3245925961189061E-16,0.0,0.0,7.321913104409455E-14,0.0,1.4800786969720225E-17,2.811949846544963E-17,1.2239906094093983E-16,1.1516067656683707E-17,0.0,0.0,0.0,0.0,0.0
0.860139688062518,0.9975713027506642,0.0,0.0,0.0,0.0,2.143695714937496E-17,0.0,0.0,6.406696830540695E-14,0.0,1.4800786969720225E-17,2.811949846544963E-17,1.1376758478424172E-17,1.1516067656683707E-17,0.0,0.0,0.0,0.0,0.0
0.8095056031418194,0.9999729880667956,2.52200401375882E-10,3.702675061196173E-9,5.888446325122267E-13,1.7723597838378993E-10,1.4696096880442664E-9,4.318670468657347E-10,1.0306930021806468E-10,4.0255438495464094E-8,9.309849159400097E-12,1.6313829395822296E-10,1.1223702266748623E-10,7.493939695314716E-9,6.062691354282634E-10,4.981862576332686E-10,6.262852085760592E-9,5.480637630227589E-10,1.6107897542505192E-8,2.8406857911227562E-11
0.8887728120685583,9.814872087748894E-4,3.025949986285506E-15,1.0200853129788635E-14,1.107400205909995E-12,2.6942660125310276E-10,1.4284621547823567E-11,6.350710039291512E-14,3.104014778444401E-14,4.5363339359960117E-11,1.5803183983738712E-15,8.083670852313211E-14,2.180457336517532E-13,2.1771765594603563E-15,3.288685110884411E-12,7.039597381997614E-12,6.173226941227464E-10,3.2109558751818884E-12,2.2495784521855547E-12,1.8563445604148238E-14
0.8766521144338799,0.0019849580474521067,0.0,0.0,0.0,2.8439497741135665E-17,4.655261669994376E-16,0.0,0.0,6.406696830540695E-14,0.0,1.4800786969720225E-17,2.811949846544963E-17,1.2239906094093983E-16,1.1516067656683707E-17,0.0,0.0,0.0,0.0,1.2756066283258124E-15
0.8887728120685583,0.9931517336189155,4.782382892720483E-15,1.8880678736539854E-13,1.1133391873671726E-12,2.697282550024029E-10,1.3877120889234009E-11,4.565451840193086E-16,1.2614465981892923E-13,5.4130246257971956E-11,5.516857091942498E-15,8.083670852313211E-14,2.232677834873809E-13,6.6180686579609824E-15,4.440798341035759E-12,5.220587513474672E-12,6.179449389765771E-10,3.2112043716971922E-12,2.0371188214145806E-12,2.035048528938832E-13
0.9558448185248392,0.07896399639997087,0.0,0.0,0.0,2.8439497741135665E-17,2.143695714937496E-17,0.0,0.0,6.406696830540695E-14,0.0,1.4800786969720225E-17,2.811949846544963E-17,1.2239906094093983E-16,1.1516067656683707E-17,0.0,0.0,0.0,0.0,0.0
0.9558448185248392,0.9961169596949554,0.0,0.0,0.0,0.0,2.143695714937496E-17,0.0,0.0,6.406696830540695E-14,0.0,1.4800786969720225E-17,2.811949846544963E-17,1.2239906094093983E-16,1.1516067656683707E-17,0.0,0.0,0.0,0.0,0.0
0.9989437623927209,0.014798568437517078,0.0,0.0,0.0,2.8439497741135665E-17,4.655261669994376E-16,0.0,0.0,6.406696830540695E-14,0.0,1.4800786969720225E-17,1.765163499603706E-17,1.2239906094093983E-16,1.1516067656683707E-17,0.0,0.0,0.0,0.0,1.2756066283258124E-15
