0.35395998006808543,0.4616558311663195,4.119414157190538,5.4921245472101266,6.865991095625351,2.0254688050859952,9.611627014345245,10.984925056891075,12.354190599156082,13.726582514181965,15.109317423564008,4.049335933413915,17.856634052238835,19.218075102100237,5.063289999267803,21.966841576962498,23.346029734989795,6.078112203614466,26.094232415247777,6.754907509918639,28.8311598419119,30.20096812226
1.837778422565923,0.8907813135173923,4.119414536372507,5.492353991212645,6.8658478249409445,2.0254409404034033,9.613393385378325,10.976940281509998,12.353797099985169,13.729845858128112,15.109667453836837,4.049457198329961,17.85587186533012,19.21784208060878,5.062812856193106,21.97411034145975,23.342548627753363,6.0779067413038055,26.09295363988824,6.7488126198688505,28.830337065613964,30.19789467609624
1.965811805655515,0.2230178965552837,4.1215515909576315,5.493418820225852,6.867476740385126,2.0253896116331878,9.611048609918724,10.98517614524665,12.361848129194993,13.729892384091421,15.109646185431819,4.051250522243445,17.856712252469652,19.219395094163232,5.062967693289163,21.962616381290786,23.34403670167155,6.079037422767091,26.093089318935323,6.7498135243584185,28.83117366914575,30.201504028429557
0.6403119799483937,0.038596820713980184,4.119395100862782,5.493171395453864,6.867038868241297,2.0252618945895144,9.611468099997936,10.98494204515029,12.361026279142354,13.729867673263707,15.10966161566522,4.049933938592121,17.856756101515572,19.21915334331944,5.062427306742326,21.967496803208505,23.340683730382608,6.079261003028631,26.093064877096698,6.749497720079886,28.831256293081722,30.20194823477416
1.76790824209185,0.04583362014448691,4.119310643004133,5.493423354920639,6.8658319213306545,2.0254482483455467,9.61112715075932,10.98433906342317,12.358833610818978,13.72989287195021,15.109940037212615,4.051702754351816,17.852047066487607,19.218279924821275,5.063007425571235,21.972770149746694,23.344102749539346,6.081239449329234,26.09581884326075,6.749648656952145,28.829854875759256,30.2016913626455
1.9999986714586093,2.6130668720876493E-4,4.121964529445231,5.493932842758432,6.8657857965661835,2.025438138041298,9.611148726059739,10.984338811214426,12.359051580002726,13.730516670543453,15.109939625129362,4.0504241353784325,17.854843108752235,19.21861903327593,5.062978029000229,21.972891028657482,23.343408121794084,6.079140733880417,26.093194672227966,6.755630208633552,28.83120669523129,30.201693682385198
1.6995326229026115,0.2276095209069633,4.119176665927438,5.49524331845116,6.865903426875338,2.025447457446795,9.611121734039752,10.977059230762366,12.354026914599494,13.72944849439092,15.109681906285735,4.05110955629674,17.855832753346636,19.21856726762316,5.06348068063579,21.962548128220245,23.342774258219418,6.077891753763341,26.0960409598437,6.749896753412982,28.830060309299263,30.202023064499038
0.10009169691439684,1.8058640938311372,4.11918467095706,5.492112445247788,6.865998705595569,2.02546034490057,9.6116286845155,10.984641186670192,12.360558345048924,13.727077985750869,15.109487175998247,4.049477414294384,17.855932976025684,19.220717480386813,5.103501193928302,21.961914872440513,23.344096425013806,6.079028501748178,26.09519232575345,6.755224119448451,28.51751342074629,30.200829181839577
0.010814195347388403,3.670986325406432,4.119224341620959,5.492184612373749,6.867383149775226,2.0254319801581784,9.613362888087313,10.984300727194562,12.358795699018646,13.72998408487907,15.109493510150351,4.051123880294206,17.854936505528745,19.218524552304334,5.062829693829787,21.962428897830254,23.34403796412759,6.078041125280405,26.09609059246865,6.748689338043031,28.820457975835684,30.200793947666533
0.01796023369539773,0.2116092766662966,4.119408458228504,5.492108585363269,6.865801286492774,2.025352987785314,9.611143256169465,10.98545296034975,12.3588306370769,13.729580611375134,15.10904507924644,4.049516764587054,17.856743996771666,19.21862066020576,5.0632654444951894,21.96799129644342,23.352357849245315,6.079156303112297,26.094199998908877,6.7554354661310505,28.831156610108323,30.200270613742294
0.012834940428330374,3.788372970689398,4.119367957101963,5.492184612373749,6.865834307801343,2.0254227685748893,9.611072043289163,10.984718397849287,12.358795458690487,13.730053257284988,15.109488490485017,4.055057420656038,17.85493663827542,19.215404302910315,5.062829092440721,21.96241002735514,23.34408381201109,6.078046447617258,26.096089656813938,6.755076020560676,28.830025104809767,30.201936657994388
0.037635879433870326,0.02193805484689344,4.122021205113723,5.492181919622029,6.8658305366736645,2.0254324033319824,9.611091371947458,10.979045693572317,12.353877363620848,13.72920989720371,15.109654351973004,4.051012636772498,17.855012025762086,19.218626391704184,5.066519234731897,21.96369789593742,23.344284544731554,6.078035072515795,26.095882143418667,6.755760949104636,28.829571371078412,30.20201645496478
0.4395872695310874,2.683801169709916,4.121860533879182,5.493406059531796,6.865861528828802,2.0252810715332683,9.611280380263175,10.985198573577412,12.35894848915532,13.729793169257022,15.109470204369444,4.05127949341668,17.85618831811392,19.23169317849835,5.0623115606717,21.973265307695087,23.344334831966908,6.0791061604546135,26.094257360603102,6.748647501413047,28.830106838852025,30.20203393188203
0.10962911538554668,0.9042863936499327,4.1175917242985145,5.4922874460461175,6.865995170938819,2.0261399711033334,9.611327380995984,10.98447239858569,12.354847848961946,13.729736334075376,15.109688685394367,4.051356329938832,17.855101545292946,19.215297408683362,5.062331122886216,21.973756375188536,23.352886053393238,6.079031716453308,26.09622887990978,6.75505495048706,28.830647213318183,30.20182117221191
0.49039783680732185,2.625323414989153,4.11774778397096,5.492279739905149,6.865914681020703,2.025488385738143,9.611451174055428,10.985013210456938,12.358830694431,13.730282481281728,15.103436862315785,4.05040126443392,17.856246174922756,19.231690462329443,5.062361514727428,21.973350870146696,23.351651374500342,6.077471774592037,26.092417018860452,6.748647501413047,28.829690342923058,30.20085889737796
1.76788668311073,0.2584165262341984,4.119397836291118,5.493606728077863,6.865831906700669,2.025453241443905,9.611401094435212,10.984615334706683,12.35337251041716,13.729596067423872,15.109319404782786,4.0493141799692935,17.85490484040236,19.218336378709893,5.0623237177751905,21.974142710779095,23.35130723037999,6.078373184122502,26.094116965788093,6.748799710322287,28.829086720605364,30.201704072176234
0.49244858211005527,2.15856718736726,4.118878574084674,5.4949227186487875,6.86645853074134,2.025447457446795,9.611663985470175,10.985190639418539,12.354091285229929,13.729606707725836,15.109704986858997,4.04948008685043,17.854878234476363,19.218611064047433,5.063031192913869,21.974031892772764,23.34398681472364,6.077555842501302,26.094201028035382,6.749597613618972,28.833490240371674,30.20039373238748
0.6207410533956513,2.8515815352700247,4.119221345924678,5.492136609504185,6.866633215250422,2.0254476626132147,9.611139515874404,10.984735837841034,12.354293827632562,13.729698396892175,15.111894551198288,4.049498991896277,17.85587168842558,19.216946097244413,5.063197220914229,21.96210751800754,23.339710621894056,6.080109644731169,26.09541539690478,6.7488117291876,28.829638983206383,30.201698353786156
0.2218280402152949,2.2117476441338795,4.12209090468218,5.494906371604661,6.865863563939827,2.025447457446795,9.61165350911068,10.97925633570606,12.354092009867202,13.729537560121294,15.109663170212022,4.051110607187196,17.85488108287416,19.218611064047433,5.062874213347722,21.962357330410384,23.350493969833487,6.077515468144809,26.095918615860782,6.74900042690044,28.829488641655157,30.20193603244326
0.29705395097772336,2.2303083580134135,4.119360053918919,5.49247266711611,6.86735914233139,2.0254226517487406,9.611467314130437,10.984555549966641,12.359216466334109,13.728179036854531,15.10970526788468,4.051122425324088,17.854912040975226,19.218251800560154,5.062879563850961,21.962385562277518,23.350604310920655,6.077764834204264,26.09583376966398,6.75506578069498,28.829561098914805,30.20178260220685
0.028415120589525236,0.9042863936499327,4.119089958539904,5.495234155882814,6.866628416221026,2.0253971640362898,9.611083996596602,10.984568010048802,12.354854242311996,13.729814155932898,15.109110753024146,4.0494129410206785,17.854918286009255,19.226706988224223,5.062319144476327,21.973675251304353,23.34403759622703,6.079033636356423,26.09416371890195,6.7550744183912865,28.829578652723463,30.190988737997646
1.76790824209185,1.6271143001871358,4.122506766239343,5.493571326378999,6.865878225928098,2.0254465631222986,9.611331622745677,10.984424059708141,12.353764684872928,13.730409517494431,15.109515495041226,4.049314870658085,17.852077434003974,19.21835670933267,5.063024011215892,21.961913541638864,23.33969761555688,6.077910125949224,26.092521179116964,6.754963556788564,28.83119873329528,30.20169058109982
1.9657010231738528,0.14448474079962992,4.121997517411123,5.493646205103711,6.865853944187246,2.0253493174983532,9.613332421497336,10.984754516337533,12.353662958942738,13.728376435554978,15.109632656500404,4.051218842157582,17.856487098772085,19.219000192471885,5.0632728185956255,21.973114595652774,23.34310364227921,6.079238517152643,26.094089056774603,6.7553307425751585,28.844389325737737,30.202598980072004
1.9648429507676266,0.027164790822755525,4.121975141602988,5.492226182160457,6.865752198807305,2.0253924299174013,9.611475026919956,10.980303333870959,12.353800501889818,13.730040178340547,15.109662812810525,4.049541981280806,17.855829242255837,19.21526314453169,5.0664571822641715,21.963413059504763,23.342693687758484,6.07917141079119,26.094190483363448,6.755045031430682,28.829497618626746,30.197887701219905
1.967596370776693,0.5370089418878792,4.1176796891638565,5.492150239439866,6.867305789842672,2.0255244579541487,9.611083988135393,10.985175806754455,12.361534712224545,13.73006974628072,15.109673293466866,4.04951810744975,17.8568397122802,19.21872063899247,5.0630754983959685,21.962631164314107,23.35081100695424,6.077612235718477,26.091746392534798,6.749942971127091,28.831385691421204,30.201503945539137
0.3059071340611725,2.163680962597967,4.122076344337071,5.494786104900632,6.865927381333318,2.025430809848311,9.611631466729033,10.985191639495438,12.354196588561994,13.729541868456984,15.10967962998923,4.049482231685893,17.854878234476363,19.21920495677751,5.063032657424087,21.974039983524545,23.343947641134356,6.077587842355272,26.094242340937964,6.749751089516692,28.83339688625213,30.202029395743235
1.817820472748131,2.8083315350247036,4.118962119895562,5.493623562277949,6.865833127369024,2.025447344095158,9.611068127643732,10.984368680846199,12.358871291338295,13.729874360423892,15.109517931,4.050028787456254,17.855782972113996,19.218530384559475,4.98130967261876,21.961948281444112,23.351590171903933,6.07755598524927,26.09285601704574,6.755295810814814,28.83058177172588,30.20149514570936
1.607685731389906,2.6579094291223533,4.1218332086008935,5.493406059531796,6.865862150196326,2.0253493322873024,9.611274857589377,10.985198573577412,12.35892698359986,13.729793169257022,15.109470204369444,4.049795347247264,17.85618831811392,19.219128246612268,5.0623115606717,21.973265307695087,23.343559753585705,6.079106405658659,26.09413797297654,6.748647501413047,28.830106838852025,30.20203393188203
1.9302490341937826,2.171396828706708,4.121880475565608,5.495055771401919,6.865904803352317,2.0254477902097237,9.611280216894853,10.98519102887932,12.354091804655082,13.729895076190692,15.109645778929467,4.04948008685043,17.85215626091735,19.218611064047433,5.063029320944691,21.962579519249264,23.344034370539156,6.0790376731693785,26.092967606077348,6.749597613618972,28.64546356832868,30.202030862502767
2.5098352669859596E-4,5.75886815021423E-4,4.119407885778247,5.492134056949443,6.866649891337174,2.0254523315019224,9.611627014345245,10.984616877123132,12.358789637304742,13.727685976293586,15.103817200532683,4.049343518707102,17.856744518194514,19.218356628933186,5.063271972721061,21.974075034278876,23.345661144992444,6.0791314007124155,26.093113128205253,6.749392441427563,28.831156919923018,30.200921828458515
0.004618740007340527,1.2348241394972788,4.122023781713566,5.492184254314801,6.865863029752473,2.128055497885518,9.611187687848021,10.978836222922553,12.353878291508833,13.730082973515227,15.109673595841421,4.0494614575415415,17.854983273135613,19.219149226907795,5.062314615615091,21.70562529564341,23.344101451866003,6.077514908867956,26.094205503924425,6.756334956504702,28.830084633985162,30.2023323695731
0.03411710335718254,1.9370892392453742,4.117666915080735,5.492279288793568,6.865831552561544,2.025489345081405,9.611236349554373,10.984563425439775,12.358794973319707,13.730332033460735,15.10322940778479,4.05509855117231,17.85503286947738,19.215403855812152,5.062341970483284,21.973620610442975,23.344084003999885,6.077507752737764,26.092522574436327,6.749010961835848,28.829623516084233,30.200831815609515
1.9550198350072443,0.23426966873263944,4.119164606892867,5.4936273610885324,6.865799736057783,2.0254379770648896,9.611061107564291,10.984725932861899,12.361163547499228,13.729878749518361,15.109634637109483,4.051285176351354,17.856752698329426,19.218252432544563,5.066360024425307,21.969023319433866,23.350593060601227,6.078080057459882,26.09305296565692,6.74967593748593,28.83356892666722,30.20194783676525
0.45884314149532246,2.6673167600112353,4.118918687125191,5.493378391755341,6.867540643898164,2.025423035374284,9.611541971858234,10.980124817365805,12.35851259340403,13.730039076245006,15.103211448480675,4.04933143729271,17.855826411939972,19.217920991521307,5.062210790415921,21.96193803716904,23.344033130177262,6.077522043865443,26.094131033712983,6.755265917319597,28.83115216672771,30.200599468029203
1.7797962360801325,3.6500034206822685,4.119429212406694,5.492200478256507,6.867308221626146,2.025394212407187,9.611089371694277,10.980340474161663,12.361628649825503,13.730062921508015,15.109335775991232,4.055066996466127,17.856838154133253,19.21862263425065,5.070301049873435,21.96344988661633,23.344080146859238,6.078985449719761,26.091768488287705,6.754914094038016,28.830647637368212,30.20193546774456
0.3233108883218111,2.4165688908758267,4.118912248796343,5.4951215331495975,6.8658790800066924,2.0254531185139357,9.611101042627094,10.984413057941994,12.353806620926903,13.729709980851263,15.109503405816518,4.0493682451189645,17.856838276185258,19.218845148332644,5.066424825130233,21.973141400390276,23.343468327245223,6.079017976418118,26.094329370904155,6.749103454529118,28.829896575953274,30.21170099749027
1.9359284656673224,3.737761031675905,4.119165460759501,5.493630885089874,6.865853944187246,2.0226534927415307,9.611060002474526,10.98449378068764,12.353767756895234,13.845999052508764,15.10963540916265,4.051218842157582,17.85650355206771,19.218395153915147,5.0632728185956255,21.96251376454613,23.339714953149958,6.0780704403507855,26.09412561746258,6.748829123220181,28.829081164703325,30.202596262694524
1.9435174369087564,2.163680962597967,4.122076344337071,5.4936595476183845,6.865924109364045,2.025430809848311,9.611645403721266,10.985187838000021,12.503963489365933,13.729541868456984,15.109679383694825,4.051251742166452,17.85490967406238,19.21920495677751,5.063032657424087,21.974039983524545,23.350471252785432,6.077587842355272,26.092978133764245,6.749674772280593,28.83339688625213,30.202033987926
0.5016816306035985,1.4907630348696825,4.11910675135532,5.492544763174414,6.865824602817886,2.0254502791376843,9.61112277736878,10.984748340952844,12.444133547855616,13.72970762256599,15.108896059940614,4.0500518890269275,17.85580578526627,19.113178891969586,5.062292568845125,21.96200218976144,23.350669260794835,6.077477806502354,26.092483134001903,6.74989305315678,28.829931863912783,30.201412118409618
1.76788668311073,0.35055310812976637,4.119397836291118,5.493606728077863,6.86583191609747,2.025450582872653,9.611430856499837,10.984677758254657,12.36210570504561,13.728206083248605,15.109309633878217,4.050029555826958,17.85577439427945,19.219204241657838,5.0623237177751905,21.97319827067598,23.351897033590507,6.078400446814672,26.094116965788093,6.755124108461102,28.829107986522015,30.201704072176234
0.6120423473984616,2.929335348289761,4.119223525932012,5.492143672237527,6.865985073808142,2.0254476615995833,9.519276604125187,10.984735837841034,12.354312930121356,13.729687462882252,15.111894551198288,4.049680803643632,17.855868472150622,19.21693901244309,5.063197220914229,21.96210751800754,23.3396810653231,6.079225535229668,26.09541539690478,6.7488117291876,28.829638983206383,30.201698353786156
1.6995326229026115,2.7208853673486812,4.119164735154127,5.495243049160063,6.865798217839494,2.0254473282071537,9.61118863558513,10.980158901918237,12.353315891341838,13.72944849439092,15.109681906285735,4.049301573319352,17.85676425761325,19.21823216463784,5.062201277882178,21.962523154178438,23.34277786541942,6.077879711991443,26.09596932081061,6.749896753412982,28.833749881450746,30.20202337712476
0.0611586360567532,2.1718268498228,4.119397283709005,5.492587841820474,6.867404169965842,2.025451340534255,9.611402151725088,10.984719424080254,12.358883506297868,13.729846464087036,15.109645705426425,4.049501722845154,17.85674634114019,19.218368661104837,5.062939342384783,21.967651306388845,23.3415387673682,6.077539044715031,26.09612908663138,6.755245735338336,28.829798263851526,30.201734104948013
0.02720479917309676,1.5834721318207874,4.121797809702847,5.492219339580876,6.865875672746921,2.025262093495345,9.611472153567897,10.984715405005074,12.35882452317777,13.72979236968659,15.109620129844268,4.049825079830415,17.856796345930217,19.218623978870905,5.0632877659598705,21.97405555952133,23.34572153909722,6.078112253586174,26.093094370377997,6.749392686295131,28.831157440584825,30.20091885983065
1.9359284656673224,3.6117887526238297,4.118958088671411,5.493630885089874,6.865834083153048,2.0226534927415307,9.611060002474526,10.98449378068764,12.358825633447616,13.845999052508764,15.10963540916265,4.051218842157582,17.85650355206771,19.218395153915147,4.980991388053484,21.96251376454613,23.339714953149958,6.0780704403507855,26.09412561746258,6.755139190260596,28.829081164703325,30.201536101673806
1.9791439740663606,0.6844102569759605,4.119224795695505,5.4936445001527225,6.866478420283249,2.025432655598469,9.611001863663287,10.984746368503094,12.35875478064837,13.729457019992521,15.109497018208879,4.0511171349926185,17.854861984146705,19.22773348523016,5.062572586719964,21.96242562132805,23.3518365630621,6.079001894142592,26.09609072443874,6.749639397489564,28.83113268178437,30.20255630902312
1.9862404856211147,1.8600326640212512,4.1192885637824475,5.493378391755341,6.867531996226544,2.0254230139065594,9.613615036899882,10.980124817365805,12.360593859782018,13.726968107346847,14.901933764668595,4.04930279234988,17.85592562517043,19.220706286605804,5.063891015388122,21.96193803716904,23.344040392939654,6.079000342072662,26.094130611216094,6.755080911246747,28.83115216672771,30.200599468029203
0.02720479917309676,0.6889968301814774,4.121797809702847,5.492173575349753,6.865875672746921,2.025262093495345,9.611472153567897,10.984715405005074,12.35882452317777,13.729801751514858,15.109620129844268,4.049825079830415,17.854874266675136,19.227226539045247,5.0632877659598705,21.97405555952133,23.351916605198372,6.078112253586174,26.096043516169363,6.7493883512075135,28.83122007416612,30.20257415712454
0.01007817257101562,2.163636738174845,4.119397283709005,5.49258782362142,6.865807825289379,2.0261507440487665,9.608934831815592,10.984722638117818,12.358884246729898,13.729846464087036,15.109645705426425,4.049501722845154,17.856744900050014,19.21860324229,5.062906379703758,21.96899629078008,23.3415387673682,6.078144766434648,26.096129062878322,6.755220631872154,28.83064220684764,30.201734104948013
1.98765160485719,3.0693154095922415,4.121985968962523,5.492347485878984,6.865754217746534,2.025351899893122,9.611487619300739,10.98460920086767,12.361948827992824,13.730049916851097,15.109093736212278,4.04975596444708,17.855841445714226,19.219131727946156,5.062360056497796,21.974523568580185,23.343510549995507,6.079005629052938,26.095982560765492,6.749835636300161,28.829616379273737,30.201083445957703
1.7249567476507053,1.140042521095677,4.119157940708453,5.492221051328863,6.865859704631219,2.025445404516562,9.613241355075953,10.984345903790645,12.358948254382758,13.729932228088737,15.109621261222342,4.051443917923518,17.854936505528745,19.215415738204445,5.062938526094494,21.967801391831493,23.34556505734611,6.079025991337335,26.096230503981506,6.755245888036808,28.82893800149587,30.200997143416853
0.32578790959119586,1.5934319256478342,4.119397183067231,5.492098543032717,6.865825400802692,2.0254502791376843,9.61112941596044,10.979296942107526,12.353720164874153,13.729483975774968,15.109691117147579,4.049474426208035,17.856646105583234,19.228492727815787,5.066388988761336,21.967872212123307,23.339688431422132,6.079154251901191,26.09251821498459,6.749798163398791,28.83146576162018,30.210837640108224
1.8334811890299239,1.1498215002283336,4.119157940708453,5.492360248616056,6.865859704631219,2.025445385258698,9.61324052715706,10.976691414748627,12.358948254382758,13.729938823450402,15.109667460075137,4.049506970183656,17.854936505528745,19.215415738204445,5.062813949762925,21.974136644570816,23.34556505734611,6.079025991337335,26.096230503981506,6.748917402494996,28.828891990418825,30.200997143416853
1.9622662510824398,0.882045850909666,4.121975141602988,5.492091012488657,6.865752054723738,2.0253924299174013,9.611130689153425,10.980303333870959,12.353797099985169,13.730040178340547,15.109835265223035,4.049541981280806,17.855847175992544,19.215414088062463,5.062151450910242,21.963435985189513,23.34258138951434,6.079133028894524,26.092994172826383,6.755027817013638,28.83033792151763,30.197887701219905
1.9864047624458852,2.581888845611672E-4,4.122034509973439,5.495237770941323,6.865786437341016,2.0254415714406067,9.611482447301237,10.984731789737133,12.359276943465778,13.729426055767773,15.109705557338431,4.049958856138147,17.855939191330858,19.217835109971443,5.062364042001335,21.96946340435553,23.34275193823811,6.079035754520315,26.093201754333574,6.749742682655713,28.831235426408657,30.201000391195464
0.32578790959119586,1.6621058815939853,4.117665824677791,5.492098543032717,6.865825400802692,2.0254502791376843,9.456587710440603,10.979296942107526,12.353542376788036,13.729490182401216,15.109625926949269,3.8203348456505153,17.85666025986483,19.228492727815787,5.062953151778385,21.967872212123307,23.3513870530353,6.079154251901191,26.09587066730736,6.749798163398791,28.830929878734462,30.210837640108224
0.5962531830978868,0.216957226955782,4.119387449833466,5.495124491387826,6.865802139156469,2.0253529922999407,9.611130557974741,10.984720706398425,12.362566809585354,13.729573926504866,15.109059292550027,4.049516764587054,17.856743924984585,19.219219809769942,5.062789226770897,21.96799129644342,23.33823897010036,6.079169661567808,26.09541109549586,6.7554354661310505,28.831045461843207,30.201810603328187
0.2218280402152949,2.41523228888167,4.122108209289627,5.494912358286539,6.865863395763616,2.025442953098628,9.611463418305927,10.98570818158066,12.354092009867202,13.729537560121294,15.10966081938345,4.051101791569768,17.854865552180772,19.21868781945765,5.062902519451622,21.962357330410384,23.350493969833487,6.077515468144809,26.095918615860782,6.755059218202928,28.831010007240053,30.201104012861617
0.4975106987651773,8.0678292403491E-5,4.121964529445231,5.495134065047364,6.865809338077521,2.0254399685190956,9.610567383047352,10.984355107746278,12.358794767441463,13.726661356725476,15.103460840599867,4.051003812698146,17.855932731896107,19.217722408340705,5.062613324204153,21.97413384812855,23.345777163430522,6.079051890004887,26.09426633484232,6.755609948898494,28.84287491623609,30.200361578506154
1.7824282680895058,0.23439657386999002,4.119138246691443,5.494971419280223,6.865904803352317,2.025447457446795,9.613741306152964,10.985190639418539,12.354018760015169,13.729870088519291,15.109681906285735,4.051282001669101,17.85583654708182,19.218611064047433,5.06232668263428,21.962616442467517,23.350866818847496,6.0790515809925205,26.092931423718262,6.74887625387307,28.82928524293676,30.202023064499038
0.046689397055796666,1.6821910622895784,4.122021205113723,5.492202332327294,6.865833733128775,2.0254326970529846,9.611091371947458,10.979045693572317,12.353736634509247,13.729203396467252,15.10965479465582,4.051012636772498,17.855020932508303,19.18602816313404,5.066519234731897,21.96369789593742,23.344284544731554,6.078035072515795,26.095882143418667,6.7560005826341625,28.829571371078412,30.20201645496478
1.7042180718898048,1.113345599573285,4.119408043253148,5.492544763174414,6.86587278300841,2.0254669639974368,9.611101345723831,10.979007594405388,12.358776919784244,13.729432035006948,15.103436831887556,4.049341838789403,17.85486670046232,19.230224041261987,5.0633835526840505,21.96780161285071,23.344078413230974,6.079021415714294,26.093092674912498,6.749681694679066,28.830064264893743,30.20972588406596
0.6186968737064278,1.6081989087337711,4.1191145976912935,5.492544763174414,6.865865060450691,2.025458589883249,9.61144202775942,10.985046643463033,12.353720164874153,13.729481377124854,15.109689180905447,4.049968664389988,17.854822681984643,19.228492727815787,5.066388988761336,21.961920119066114,23.34075239706111,6.079150260595755,26.093053864129512,6.749798163398791,28.8314540108888,30.21023249774009
1.9638514215731786,3.6117887526238297,4.118958088671411,5.492086666535038,6.865834083153048,2.0226534927415307,9.611060002474526,10.98449378068764,12.358726066750993,13.731744289619567,15.10963540916265,4.051218842157582,17.856493433273204,19.218395153915147,4.9805780240187545,21.9625550677661,23.339714953149958,6.07807370353832,26.09419976533508,6.755037893807116,28.829081164703325,30.201536101673806
0.2908427601702922,0.6802726348231432,4.11763374785247,5.495234155882814,6.863614507061463,2.025397192662934,9.611336888118373,10.98447239612417,12.354854242311996,13.729814975338371,15.109095980579214,4.049409216169664,17.854872433481706,19.218407698594348,5.062319144476327,21.973675251304353,23.34437985178452,6.079038052814694,26.094162244885364,6.754909380837298,28.829578652723463,30.1906869619827
0.042492017105173474,2.875935876914648,4.119158670242007,5.4952414327616665,6.865861528828802,2.0254855448777325,9.613548899546986,10.979970435013737,12.354596921545333,13.729573709236261,15.109682175529104,4.049352361060964,17.856762795049168,19.218263856447603,5.0622018754363225,21.974436844743323,23.344527620605632,6.077878527433113,26.09252522874288,6.754977583092268,28.82906197484314,30.202015012237364
0.1709406534639354,0.3743573689336337,4.1176996715571486,5.495213364534965,6.86578820149806,2.0254380678072623,9.611346519972471,10.985179153327161,12.35345195839813,13.72987230261973,15.10951070351642,4.049600146185706,17.855981123029906,19.21878047125813,5.062857033204463,21.961955776170583,23.351537669597956,6.081149666492081,26.092874257271845,6.749999074657403,28.831200960544827,30.201503952033207
1.7554483605431876,0.9042863936499327,4.1194102106330766,5.4922874460461175,6.865995170938819,2.0261399711033334,9.611428291889753,10.984469392648903,12.355086317557625,13.729736334075376,15.109688685394367,4.050027118235631,17.855103787194157,19.215297408683362,5.0623311033329506,21.973746721228274,23.353053902717665,6.079031716453308,26.094135383481902,6.7550567540877005,28.830673617151195,30.20182117221191
0.012653708849794554,2.1042555795237416,4.117691401034308,5.492152692437616,6.866624878028595,2.0254242000305944,9.611271382095104,10.984719052372661,12.35883655868279,13.72987897741746,15.10962070917318,4.049801923960796,17.85579123936435,19.215916346576428,5.062966973647282,21.97354588667951,23.343654589919804,6.07899145797693,26.094219796230465,6.755039241571838,28.80324943895081,30.20100415782256
0.011641873759156925,1.616640390076712,4.119202423861611,5.492184612373749,6.865833281212473,2.0254257433610974,9.611486329025759,10.984715479222695,12.326265755042817,13.730054022728524,15.109486908771059,4.055081758125284,17.85687925958688,19.215404302910315,5.062829092440721,21.96241002735514,23.34565866273241,6.0781088795481475,26.096089656813938,6.755076020560676,28.831149659281458,30.201936657994388
1.6990684513181544,0.4442367864533818,4.119008195625872,5.492309589741913,6.865795945948866,2.0253507665592494,9.613561904785234,10.984608246171698,12.361818796330255,13.729500842378572,15.109996218898463,4.049722861387128,17.85590770807002,19.226629282183925,5.062341670406869,21.974078529480817,23.343560087471776,6.0791599923390285,26.092551180755848,6.75546523534717,28.830084872913826,30.201095009498278
1.8527814241819092,0.023300122835448245,4.119387670102011,5.492042943929259,6.8658783678891435,2.025432993576773,9.611059249764166,10.98483763788676,12.358693550454902,13.729827504118386,15.105398993766201,4.0494623928420985,17.856757500797556,19.215150476879508,5.066545804331961,21.967895198232803,23.345854107617274,6.077608671730818,26.094201941962375,6.755159718771608,28.829503973662145,30.197152026333864
0.010088554503304412,1.8768998251542788,4.119157803887803,5.492563539433352,6.865855272245391,2.0255469877556824,9.611004890944988,10.984539795629095,12.359048805416862,13.7282943811749,15.109632914313902,4.051171421564863,17.85681770465906,19.21557327274477,5.060097467417229,21.967523314390885,23.34299872521194,6.0775385433618645,26.093937472290254,6.749405495428465,28.831468002154047,30.200875899751594
0.23051270398773638,1.1776023466664889,4.119165911405721,5.49352128066328,6.8658175207218815,2.0254407228359614,9.611126198886868,10.985211120874647,12.358857319476428,13.729707246630321,15.10967236238902,4.050041501833136,17.85580080777433,19.234685100657234,5.066156653468149,21.97300155787807,23.339534133411867,6.079020123034519,26.09255708695886,6.74989305315678,27.41233571654821,30.707747553441425
0.30045512362854787,0.9194753473238866,4.119391099603234,5.492384308726095,6.865742330909974,2.025159236288282,9.61112975465738,10.984714461507439,12.353742605050527,13.728195912699642,15.109643569898411,4.049773941074864,17.85579106499281,19.219297432392406,5.03139035787063,21.973279512972873,23.337088813459896,6.08104603737586,26.0942466734142,6.755102131246704,28.80979359824202,30.201991049183512
1.6109563981087076,0.9042863936499327,4.117640037238246,5.4922874460461175,6.865785950980281,2.0261399711033334,9.611327380995984,10.984720472572352,12.354847848961946,13.729503970165986,15.109688685394367,4.051356329938832,17.855101545292946,19.215430976578336,5.062342131986015,21.974295762705932,23.352886053393238,6.079031716453308,26.096196273499444,6.75505495048706,28.830647213318183,30.201816541653987
1.7692052828243527,2.8342210119300777,4.1192063262279675,5.49361961859979,6.86591372062355,2.025423139223014,9.611331701880438,10.980086314730764,12.358939573670943,13.76081271934642,14.898074789921475,4.049331456748435,17.852131600808168,19.21835670933267,5.064769593565537,21.961939379351136,23.34401671827581,6.077910125949224,26.092521179116964,6.754963556788564,28.83119873329528,30.20169058109982
0.2908427601702922,1.7068543029199459,4.117633817312018,5.495068200154556,6.863614507061463,2.0253972412408148,9.613485798220987,10.98447239612417,12.354854242311996,13.729843898222935,15.109095980579214,4.050565020020387,17.854852603084154,19.218407698594348,5.062319144476327,21.973341294639777,23.34437985178452,6.079038052814694,26.094262790711433,6.754909380837298,28.829578652723463,30.201676216255024
1.7555044241193638,2.8342210119300777,4.119432010529953,5.492648200565242,6.865879142496551,1.9857603524628793,9.611294168393936,10.91493472038721,12.358939573670943,13.729518142452742,15.109504751559365,4.04949808548596,17.852131600808168,19.21835670933267,5.064763603522978,21.968978942864318,23.34163703703602,6.077909776048905,26.092529436922092,6.755225431908056,28.83119873329528,30.20169058109982
1.9780919815482945,0.027164790822755525,4.121975141602988,5.492226182160457,6.865667361664465,2.0254322078423272,9.611470015303125,10.98032386127156,12.353800501889818,13.730040178340547,15.109662812810525,4.049526116545349,17.855829242255837,19.21526314453169,5.066487152469429,21.962430675192028,23.342693687758484,6.07917141079119,26.094190483363448,6.755045031430682,28.829562416192303,30.197907489484933
0.25468807172376096,2.171396828706708,4.121879535958046,5.4939348931435585,6.865905356784272,2.02544755529336,9.611283240907813,10.984367455372498,12.359304911353627,13.729412810338822,15.109928886678258,4.04948008685043,17.852144299694274,19.218611064047433,5.063031192913869,21.972996543397123,23.343407089009744,6.0790577246459785,26.092966687335128,6.749783645938273,28.83337188410521,30.201695361923978
1.76790824209185,1.978192195918294,4.081342123649327,5.493423354920639,6.8658319213306545,2.0254482483455467,9.611127594904735,10.98433906342317,12.35879518486518,13.72989287195021,15.109940037212615,4.0550570669700585,17.854928985964687,19.218279924821275,5.063007425571235,21.973634750303646,23.34410267189393,6.077503362759658,26.09577809650937,6.749639816933395,28.829852040185962,30.2016913626455
0.049848862694552964,0.4681586492231934,4.119483556001514,5.49212783864006,6.865991095625351,2.0254688050859952,9.611627014345245,10.984925056891075,12.354190599156082,13.726582514181965,15.109294210657396,4.050995220510745,17.855027405117,20.20275027623864,5.063246048944948,21.966841576962498,23.346029734989795,6.078112252276036,26.094232415247777,6.754907509918639,28.8311598419119,30.202095446213075
0.012672398756799097,2.2452503072931904,4.119397283709005,5.493787820303398,6.865979205425841,2.0255292668366796,9.608963657312737,10.984722638117818,12.358894481255664,13.729814914381015,15.105741855769207,4.049503323531338,17.856750990459712,19.21848995803319,5.062280031684253,21.968955144597313,23.34144792558114,6.078128107322424,26.094127192617794,6.7551699128012395,28.831156794887818,30.20162648786712
0.06488937312837031,1.7366220789237645,4.122098707744082,5.493756288281615,6.865847777232455,2.025531112882399,9.611074603925005,10.984741821822547,12.35894848915532,13.72983306366876,15.109470204369444,4.055403964503025,17.856486775360523,19.219048839459496,5.06231181656791,21.973458314915508,23.345754719857577,6.079114544819382,26.094257360603102,6.748603463295106,28.830114210493537,30.202040702570454
0.028415120589525236,0.9632200416286446,4.119089958539904,5.495234155882814,6.866628416221026,2.025349352959529,9.611289349887585,10.985213268444106,12.358951614514279,13.729814155932898,15.109110753024146,4.049403576018105,17.854916598347216,19.219160719547297,5.062311981997235,21.973675251304353,23.34403619035211,6.079032963461484,26.09416371890195,6.7550744183912865,28.829578652723463,30.190988737997646
1.9977781527020952,2.664821951716981,4.118919412450215,5.492509194450532,6.86587278300841,2.0254669639974368,9.611560201422265,10.979007594405388,12.358776919784244,13.729432035006948,15.103436831887556,4.049342104118123,17.854863574260598,19.23073100598827,5.0633835526840505,21.968125578088284,23.344078413230974,6.079021415714294,26.093092674912498,6.749681694679066,28.830064264893743,30.209950765816355
0.22963527945442408,0.2276095209069633,4.132926388967477,5.495243461900192,6.865903426875338,2.025447457446795,9.611121734039752,10.984151364914458,12.35486755462014,13.72943498381924,15.109681906285735,4.05110955629674,17.85486419049835,19.21840788167033,5.063495897186863,21.962548128220245,23.344368825415412,6.077891753763341,26.0960409598437,6.749896753412982,28.830060309299263,30.201600746752582
1.9026051803014894,0.0015328434665623433,4.121928146172376,5.492651894353819,6.865786586427172,2.0254409404034033,9.61113072454663,10.978836626028906,12.355150355289533,13.730079042966963,15.109664933590496,4.049455658619873,17.85582738185403,19.232449980660487,5.062139803495776,21.974498553571443,23.344077352784367,6.077880556593001,26.09295363988824,6.749681994194687,28.83006491149085,30.209740157203107
1.8061293587959117,0.048319600906360116,4.119390402024824,5.492294354352602,6.865830248864071,2.0253530588839523,9.61148593039104,10.985438103712587,12.358836587601608,13.730005141134933,15.109729990198941,4.049347685053659,17.85585333233315,19.218216981699328,5.06215676221477,21.968995516971987,23.352409933679724,6.0791574491217215,26.09603191448456,6.75536733195627,28.830333547539343,30.19803306359124
0.06270175867465055,2.581888845611672E-4,4.121975075642559,5.492105363535505,6.865785289586131,2.0254393120240635,9.611483530077782,10.984641655898654,12.359251231235731,13.729426055767773,15.109706179758856,4.049479398065476,17.85593302810755,19.22082247917001,5.062364042001335,21.962074513912306,23.34277397847053,6.07903592139003,26.095133767737558,6.755159292249154,28.831235426408657,30.200824832640386
0.10041668199244003,1.1489566659718866,4.119303200287649,5.493670848880579,6.865856374180264,2.02554384269193,9.613280905622823,10.984539795629095,12.358953412288528,13.72837210276075,15.109629321622243,4.0516910388389595,17.852097330090775,19.215505387073488,5.129580177858013,21.973128243595763,23.34409524010204,6.077559009343861,26.0958423002981,6.749649587390697,28.82879421712208,30.200875899751594
0.5993663015478441,1.712701349565755,4.11134861676428,5.492277236595826,6.86594275171137,2.025471398074851,9.61380165683202,10.984471301588014,12.353728387490182,13.729408751571247,15.10968193726238,4.05002716296375,17.678039566865728,19.2191528018732,5.062807029929788,21.973586181050866,23.343839820946915,6.079230499342537,26.09310579432315,6.74887625387307,28.83067237267121,30.200942459378947
1.918020706955174,0.8320954841925635,4.122028179811891,5.4935067866848595,6.865812166403449,2.025440703316794,9.611326005727614,10.985140207269007,12.358865953735927,13.729731946833427,15.109672611749703,4.049513979138166,17.854982189301403,19.21780459594817,5.062908555894972,21.97334883789713,23.35169867154386,6.079032189530474,26.096234753081767,6.754976507128895,28.830139156818507,30.197812174745795
0.3096300384780968,0.04583362014448691,4.119310643004133,5.493423354920639,6.866581965629901,2.025466719728079,9.61112715075932,10.979287888226047,12.358833331975815,13.729918385675536,15.109940037212615,4.051683835993797,17.852047066487607,19.218844866310572,5.06337831633233,21.972770149746694,23.344102749539346,6.081239449329234,26.095850585990895,6.749648656952145,28.83005847506403,30.201427943043456
0.06488937312837031,1.8256181281357713,4.122098707744082,5.493756288281615,6.867329421190508,2.025530416994274,9.611074603925005,10.985198343203145,12.359053096622388,13.729837781623566,15.10969105772556,4.051566886756141,17.85672738830178,19.215953657269004,5.06231181656791,21.973478607785776,23.345394723226573,6.079114544819382,26.0942200490521,6.748553127722682,28.83008144416671,30.201810759458784
1.9167007655532484,3.2053970235560705,4.122010322982073,5.493498618501839,6.8657989028546975,2.0254334874498703,9.61106060800826,10.984821505746824,12.358864193655629,13.730217433383674,15.109672449069885,4.049532910111484,17.854924647522875,19.218393906826098,5.0685980935725565,21.973102787211428,23.351750427942303,6.078750722526535,26.094168088204192,6.748810811449426,28.844030091903036,30.202863903153734
0.20310902267943776,0.45947367481116286,4.118936857913495,5.492193192832117,6.865816909253914,2.0254503266135435,9.611107270554378,10.985178723539367,12.358727802860027,13.729487062031597,15.109997067292984,4.04490881253463,17.85513773825283,19.22729497448209,4.980769118916811,21.962509743941595,23.343729571816446,6.078075772488031,26.09418487494352,6.755055901836729,28.83094600220555,30.20153617907897
0.22421636076460827,0.9208488905296993,4.119379130426083,5.492590142757377,6.865821825004052,2.025499653598253,9.6089251805825,10.984558192759264,12.358884266976341,13.72984550066738,15.109645857028243,4.0514839138061625,17.855149871485985,19.21859885969987,5.062155033451536,21.96885539701454,23.33909684714603,6.078142418685877,26.096034732790137,6.755368857953186,28.830306235053076,30.20162129172864
1.9645232715270737,3.354470657830068,4.119085664673199,5.493498618501839,6.865917483770799,2.0254398473366355,9.61122910562787,10.9843542016266,12.354416980183787,13.729121284929516,14.660481851545406,4.051011107381626,17.85577332113905,19.21529577198809,5.062204137044652,21.973265968309015,23.35073119237913,6.078811250363149,26.095930749466394,6.7488697193718705,28.83035921601285,30.197893577373797
