0.6999999323614334,1.3999999750147871,2.093997220169045,2.8082105309111474,8.948806585724565E-6,11.99999383194674,13.999975625954642,2.34544752671786E-6,17.999994588801858,19.99997557402854,21.99997693172554,23.99999458016587,25.99997942844946,27.999957379680637,4.092635261785617E-6,1.639814129386938E-5,8.267513686496796E-6,35.999704376564985,37.999974223461884,39.999891157221434,41.99995882739638,43.99997850608574,45.999936873725794,47.999997189992534
0.6979998302368718,1.3959996696045083,2.10000002313892,2.7999998991557176,7.85124139500792E-7,11.999993776172738,13.999991870725154,2.4276891785569902E-6,17.999993943080103,19.99996636864301,21.999976954411604,23.99999495367639,25.999970938005603,27.999973133690528,9.740899311429831E-6,4.97051542978747E-5,3.963327843311039E-5,35.999993758679224,37.99997515675543,39.99998464298679,41.99989418804294,43.999994261328176,45.999983720807826,47.99999974177888
0.6979998726056443,1.3959999604940467,2.0939945353926346,2.808002098994247,1.168698997076257E-6,11.999967888729056,13.999991867342574,2.1309533827091424E-6,17.999997142660526,19.999999666579747,21.99997689421718,23.999987234291638,25.99986908824924,27.999993445307695,8.893033977754053E-6,2.649479236218866E-6,2.189164220513346E-5,35.999999143181576,37.9999743122408,39.99981931932635,41.99990118693782,43.99998721490067,45.999923795683316,47.9999981585153
0.6979893155075486,1.3959996696045083,2.10000002313892,2.7999998991557176,7.85124139500792E-7,11.999992086508115,13.999991847601674,6.337033324108737E-7,17.999993943080103,19.99996636864301,21.999978327201845,23.9999997819052,25.999970938005603,27.999973147385386,9.740899311429831E-6,1.8293762218480213E-5,2.2075390276517058E-5,35.999993758679224,37.99997515675543,39.99998464298679,41.99990118122112,43.999994261328176,45.999983720807826,47.999998277551306
0.6999999323614334,1.4000000326095616,2.0999872083426134,2.800051422181574,6.193858486403451E-7,11.999993796940903,13.999976029585401,2.4210114883645163E-6,17.99999722444044,19.999974247308174,21.999976940095788,23.99996418703838,25.99987381032428,27.999948852022982,6.88937791017776E-5,7.61432540055694E-5,5.2850154515621364E-6,35.99999971357068,37.999974474207725,39.99998146651873,41.99996803467293,43.999975753161564,45.99981314871901,47.99999758259141
0.6979962443515475,1.3959999604940467,2.093996997996779,2.808002098994247,8.38371935058743E-6,11.999971827241378,13.999991870766758,2.131991322751416E-6,17.99999486702925,19.999965680325328,21.9999775544937,23.999997117993992,25.99986908824924,27.999992010749512,1.0602441547630821E-6,3.6166934218426176E-6,1.0104776666629701E-5,35.99999897503914,37.99997400542527,39.999984933572755,41.99996991037202,43.99999497881075,45.999803833266505,47.99999976028475
0.631286019194239,1.4366041266467007,2.1000000229695495,2.7999998707658804,7.345655196655402E-5,11.999962865441073,13.99999329018649,6.443810232408051E-7,17.999970094850777,19.99999844204393,21.99997781310647,23.99996737442854,25.99998527108996,27.999975226877453,1.4567972643213003E-6,5.647579746408221E-5,1.0069966925209562E-5,35.9996889254454,37.99997409401925,39.999860839566324,41.99999238304156,43.99998955085494,45.99981992780354,47.99999968137009
0.6979998726056443,1.395998792445472,2.0944152026838023,2.968048398300176,8.259365226701333E-6,11.9999934338099,13.99999195822105,2.042965732732466E-6,17.999995187570295,19.999992348114535,21.9999765005241,23.999980704681903,25.999990644502834,27.999875817128988,6.89933407331926E-5,5.743526413113339E-5,1.8515047476956617E-6,35.999998720605994,37.99997440073831,39.99990484199035,41.99996949633124,43.99997842009233,45.99996958644869,47.999998670707235
0.6998842595350878,1.3998230868165162,2.093993573275287,2.808002098994247,3.3755044084366653E-7,11.999995890495336,13.999991960456361,5.060946097774971E-6,17.999998032772673,19.999989112175065,21.999978356983284,23.999965327538806,25.999969957402005,27.999973122636515,6.803757523677893E-5,7.494539139683269E-6,1.8212866593150986E-6,35.99999897503914,37.99997463313349,39.99990391956042,41.99996946566084,43.99998654761334,45.999928728770776,47.99999987632996
0.7000281666052302,1.400148680608779,2.1000000229718854,2.799999899091485,7.626411072816721E-7,11.999993802975181,13.999997636392823,1.0225816117543878E-5,17.999994982664465,19.999999866573923,21.999940909358642,23.99998881342574,25.999973873147542,27.999973126617984,4.859368829016525E-6,4.413610712793799E-7,4.134735169571824E-5,35.99995316901779,37.99997428938942,39.99999006720283,41.999900128666006,43.9999946340128,45.99998496253543,47.99996210015523
0.6979998302368718,1.3959014879011928,2.1000010930908757,2.7997461769420924,7.382028032222067E-7,11.99999466006874,13.999997531953682,2.4914626494009034E-6,17.99999931423356,19.99999964112777,21.99997502452346,23.999996554374004,25.99997676585625,27.999956816167185,0.004407906125051063,2.6836421581222645E-5,1.2354886245446061E-5,35.9999869878537,37.999974625394444,39.99981392330673,41.99990152242311,43.99999770665548,45.99992428637392,47.99999974177888
0.6979554760255318,1.554174460618298,2.0939971391144354,2.8080145722820684,2.7072073121814725E-6,11.99999927577449,13.999987111009025,3.17720317727747E-5,17.99999522790297,19.999955054453686,21.99997699102692,23.999967662174065,25.999597175759988,27.99988724882629,1.063308302611874E-6,5.754918422916965E-5,9.298645268545558E-6,35.999714611491235,37.99999904337707,39.999860973074384,41.99989863718043,43.99999624952726,45.99995905233184,47.99999715790594
0.7000153453797536,1.3999951639256587,2.0939970789228113,2.8082105309111474,8.948806585724565E-6,11.99999383194674,13.999975625954642,2.212535576851218E-6,17.99999737979242,19.99996821232738,21.999977075838647,23.999994951167306,25.999982652602345,27.99999451686735,3.9617116117720294E-6,5.045375103598877E-5,2.132926325709904E-5,35.999704376564985,37.999974223461884,39.99990476322705,41.999958690258005,43.999987699815314,45.999936873725794,47.99999718836739
0.6979998302368718,1.3960471553320337,2.10000002313892,2.7999998991557176,8.114059219733935E-7,11.999993776172738,13.999991870725154,2.4276891785569902E-6,17.999993943080103,19.99996636864301,21.999976973256814,23.99999495367639,25.999985814334384,27.99997286726492,9.740899311429831E-6,4.97051542978747E-5,3.8629347444651804E-5,35.999993758679224,37.99997515675543,39.99998464298679,41.99989418804294,43.999994261328176,45.999987086701665,47.99999974177888
0.6964489884450367,1.396022122149093,2.093912466638739,2.808021971157278,2.737034000389467E-6,11.99999310153046,13.999992014791962,4.0080822612679774E-4,17.99999534992989,19.999968357806182,21.99997799791266,23.99999693114337,25.99986904773724,27.999956040365127,9.374126368319865E-6,5.777622622713405E-5,2.0553370387817088E-5,35.99999343717247,37.999976256611525,39.9999027975009,41.99995049588116,43.99997350581822,45.99992855363734,47.99999752709487
0.6979998302368718,1.3959996696045083,2.0999639740845395,2.7999998991557176,7.85124139500792E-7,11.999993673037988,13.99999615136617,2.4276891785569902E-6,17.999993943080103,19.99996636864301,21.999984714683464,23.99999495367639,25.999979646865512,27.999973420532285,9.688617958573028E-6,4.9674881448131674E-5,3.963327843311039E-5,35.999993758679224,37.99997515675543,39.99984536974696,41.99989418804294,43.999994246202895,45.999983720807826,47.99999847150553
0.6979537830695243,1.4101789485251304,2.100000022988093,2.7999998991557176,8.250978319367779E-7,11.999993794782874,13.99999187001999,2.1297812237364275E-6,17.999993887908143,19.99996507807874,21.999976954411604,23.99999495367639,25.999970647051786,27.999955585011676,9.897177850123477E-6,6.865424883301972E-7,3.98073666495854E-5,35.9999937152652,37.9999751582698,39.9998650437264,41.99990019224602,43.999994691352335,45.999983720807826,47.99999985544427
0.6979693956488454,1.4090040610770362,2.093993515633045,2.808002119792701,3.3755044084366653E-7,11.999997355636083,13.999991960456361,2.2807529276539313E-6,17.999997172993435,19.999988175350836,21.999978345770412,23.999965327538806,25.999969957402005,27.999955451961014,9.885024130269663E-6,7.494539139683269E-6,2.1936195962716047E-5,35.999998973715435,37.99997426426543,39.999903883808734,41.99996946566084,43.99998654761334,45.999928728770776,47.999999862123396
0.6979383106893225,1.3959977004952977,2.0941292275589647,2.808000066429777,8.900525188084984E-7,11.999968166026084,13.999991870726632,2.1744765023911045E-6,17.99999509693908,19.999987643269343,21.999976136386657,23.9999875678946,25.99986911245029,27.99999343042256,8.95416951835382E-6,2.6601004282767552E-5,2.2117936237793826E-5,35.99998556588144,37.999974307540775,39.99980999413559,41.99996892843617,43.99999493048432,45.99998402029122,47.99999973710318
0.6979998302368718,1.3959996696045083,1.7846421730394784,2.7999998991557176,7.85124139500792E-7,11.999993776172738,13.999991870725154,4.604906291900253E-6,17.999997233022548,19.99996636864301,21.999976954411604,23.9999949533429,25.999970938005603,27.999966563148234,9.745009977605038E-6,4.97051542978747E-5,3.963327843311039E-5,35.999993758679224,37.99997463326873,39.99997237291503,41.99997308107948,43.99999438637895,45.999983720807826,47.99999974177888
0.6990796404429734,1.40028732648777,2.1000000229693394,2.799999899347364,7.476744252576749E-5,11.999993398840232,13.999997530865086,2.764596715930113E-6,17.999998148394248,19.999967380538717,21.999977987343776,23.999997734836143,25.99997289764647,27.999973126660414,6.112141890135285E-6,5.790087549116851E-5,7.0267026715117875E-6,35.99995562399503,37.99997629298284,39.99996080461486,41.99990125337397,43.99999405908144,45.999925859302174,47.99999755823528
0.7008669129608374,1.3960358239105153,2.0939976890028533,2.808002316669945,8.417136031174556E-6,11.999993522324312,13.999955493305123,2.3020228718049953E-6,17.999997383471303,19.999999588373914,21.999967240386184,23.999718913474915,25.999972971918403,27.999868323868018,5.384930852041099E-6,1.431257735099029E-6,8.202345552536018E-6,35.99998950132771,37.999974818860835,39.99987820171199,41.99995544283368,43.99997746019539,45.99997644736543,47.99999714603872
0.6999989570835167,1.399923071681707,2.093993533164565,2.808002098994247,1.168698997076257E-6,11.999995890495336,13.999991960456361,2.211681520701043E-6,17.99999527279566,19.999968264609656,21.999978304699095,23.9998937482005,25.99998255852919,27.99997302159208,7.063676295288921E-5,4.927216282224865E-5,2.189164220513346E-5,35.99999897503914,37.9999895982947,39.99990473226514,41.999968254341525,43.99998721217662,45.99981752857322,47.99999987632996
0.6979996428538693,1.3959976195995638,2.0994657068519467,2.799999990377243,7.220169276300055E-7,11.99996791162307,13.99999069857795,2.2626461121332465E-6,17.99999741268114,19.999999275386077,21.999976165612637,23.999996519235886,25.99997829592694,27.999973087822276,7.156502509216548E-5,2.1654588004907927E-5,1.0831592958218586E-5,35.99996004613195,37.99997410174805,39.999860921671875,41.99990089691762,43.99998723501214,45.999670404705306,47.999998145456786
0.7128125120463064,1.396061456626487,2.1000000237929184,2.7999999046398303,7.307165451045673E-5,11.999991263791067,13.999999689589055,2.2362751628409555E-6,17.99999630979631,19.99999591513161,21.99997716163821,23.999900639612466,25.99995647442845,27.999976922943674,2.137382177163447E-6,2.8122645988549043E-5,1.5154315100696094E-5,35.999723605855294,37.99997607485758,39.999956910649416,41.999894049101485,43.99999402897294,45.999923774657994,47.999996480332875
0.6999707879677415,1.4002862140355055,2.100000024389172,2.799999899211443,7.820923700945001E-7,11.999994004546517,13.999991575613834,3.1144744279056964E-6,17.99999502021532,19.999828377747058,21.999966957955788,23.9999948861542,25.999840097066613,27.99997532598745,5.138467981547786E-6,4.9869778770647206E-5,1.6202300166625027E-5,35.99997669582654,37.99997628222108,39.99986181580227,41.99989405389019,43.99999465442024,45.99996067192774,47.999961116337616
0.7005699223504266,1.3999942699906338,2.093996835096937,2.80800015504027,8.503295855647753E-6,11.999995328839672,13.999986877482309,1.0336224330534643E-5,17.999995079054973,19.99996556898468,21.999996454386213,23.99998694594716,25.999999557604223,27.99995713109135,1.1331229710311393E-5,2.56520576103794E-5,4.113072887730012E-5,35.9997350717331,37.999974014511615,39.99979587055444,41.99990411719644,43.99999428721384,45.99984229715681,47.99999408462783
0.5226288203704724,1.396045389310402,2.1000000229721327,2.799999904599371,7.61957141607635E-5,11.999993715073346,13.999998550531526,2.421908600294042E-6,17.999993719456057,19.9999700501297,21.99997888599481,23.999996129623305,25.99959687747923,27.999965130648437,9.602930067495432E-6,4.998852437615436E-5,4.1609055585748936E-5,35.99999882778049,37.99997624177777,39.99988452919776,41.99989402968954,43.99998571404657,45.99996897400515,47.999994074698854
0.6979535114703508,1.746085367095497,2.093997112183322,2.8080065099349487,1.168698997076257E-6,11.999997349421898,13.999991867342574,2.130310556954952E-6,17.999997142660526,19.99999980071993,21.99997706549834,23.999987231473803,25.999976988396106,27.99995550919092,8.893033977754053E-6,4.241147852826257E-7,2.189164220513346E-5,35.999999143181576,37.9999743122408,39.99986476367759,41.99990024735838,43.999978667215075,45.99993676619708,47.999997177866796
0.6979998760235037,1.3959999530068876,2.1055522608909687,2.3030115782294702,2.2155493363687147E-6,11.999981531802991,13.99999747685371,1.2139435399892756E-6,17.999960210141285,19.99996812231932,21.999978005591153,23.99999965503629,25.999988195993772,27.99997895159513,1.3622356457066473E-6,1.4568500501168078E-6,3.3090250814536224E-6,35.9999264793252,37.999993195101354,39.999825617131684,41.99988774020261,43.99997487400761,45.99994625068607,47.99999671157923
0.6894743842796239,1.3960356939297942,2.093956333620803,2.808002316669945,8.578670835968216E-7,11.999981157736578,13.99999545974848,4.689830798129738E-6,17.999970130619655,19.999999976255964,21.999967547942823,23.999718913474915,25.999972333405367,27.999868323868018,5.384930852041099E-6,1.431257735099029E-6,8.667163271291015E-7,35.9999860051545,37.99997617803021,39.99987668734283,41.999991326867665,43.999995072532606,45.99997499745578,47.999998258020966
0.6979998302368718,1.396002739522252,2.0999355137821523,2.7999998991557176,1.5753096140681717E-8,11.999993776190538,13.999998957275157,2.401204403491454E-6,17.999999998047013,19.999969370148307,21.999976181729945,23.999996331071838,25.999977755750812,27.999973134326268,7.268030869695912E-5,5.0232126685567564E-5,3.91393113052514E-5,35.99996154629673,37.99997515830426,39.99986395319788,41.99988855617868,43.99999426042335,45.99998402029122,47.99999978038856
0.6979998726056443,1.3959987944504348,2.0999164271291346,2.797921121485233,4.589714002337702E-6,11.999993361980259,13.999992121123029,4.822437419547915E-6,17.999995187570295,19.999972090187473,21.99997779208019,23.99997989442017,25.999981591315937,27.999875055639095,9.85823536712817E-6,5.758635272248664E-5,1.0604570276754183E-5,35.99998556080636,37.99997440073831,39.99988465114496,41.999892013204494,43.999994224472,45.999967968802686,47.999998782593735
0.7000849774700322,1.4000016825027255,2.0939884825127884,2.8080374096810807,5.966271571904372E-7,11.99999259608215,13.99999662550124,4.795487581368311E-6,17.999997231870676,19.9999756602169,21.99997743123544,23.999988691254106,25.99997280034724,27.999997981609177,7.317375612047363E-5,1.0972115306345204E-6,7.353104090712763E-6,35.999999006567116,37.9999746458565,39.99987732792554,41.99996826635882,43.99997546441524,45.99981317202829,47.99999961235832
0.6999790008909806,1.3999999750147871,2.100104945082088,2.8082105309111474,9.457894148333111E-6,11.999993834294541,13.999992497239836,2.340607952755184E-6,17.999989708824632,19.999975736212274,21.9999770601004,23.99994193347255,25.999979218787928,27.999994728447454,9.582855578102891E-6,1.639814129386938E-5,8.526686083638882E-6,35.999704376564985,37.999974155350294,39.99990162007723,41.99989338603569,43.99999405497517,45.99998421861443,47.999997190581624
0.7128125120463064,1.3961222332029428,2.1000000237929184,2.7999999047298885,7.307165451045673E-5,11.999991263791067,13.999999689589055,2.2362751628409555E-6,17.99999630979631,19.99999591513161,21.99997716163821,23.999896967139044,25.99995647442845,27.999976922943674,2.137382177163447E-6,2.8104332124879127E-5,1.1920152845547631E-6,35.999710229102206,37.9999760680111,39.999956910649416,41.99990536452462,43.99999402915579,45.999923774657994,47.999997078019305
0.6998668083019276,1.3995920548735743,2.100005187746014,2.7999993168374324,3.6038137807276586E-6,11.999970659976597,13.999999738630299,2.2706210838870547E-6,17.999995231709775,19.9999998726949,21.99997830863065,23.999967544877894,25.999977316046046,27.99997532598745,4.032484741828442E-6,5.331427165624225E-5,3.9728734994764876E-7,35.99972965536433,37.99997413890901,39.999903333145966,41.99995711147034,43.999986285119874,45.99991896769818,47.99999709838468
0.6979392534963069,1.395997677692425,2.0941292275589647,2.808670713357152,8.923787371311703E-7,11.999994061627799,13.999991870726632,2.1744765023911045E-6,17.99999507602621,19.999987643269343,21.999976136386657,23.999997241065,25.999866912208244,27.99997192998197,7.821831514836311E-7,2.6601004282767552E-5,2.2117936237793826E-5,35.99998556588144,37.99997463289098,39.999905086173804,41.99996870406947,43.99999493048432,45.99998402029122,47.99999974177888
0.6979998302368718,1.396017364473116,2.100000022988093,2.7999998991557176,8.371005485927095E-7,11.999993776172738,13.99999187001999,2.4276891785569902E-6,17.999993943080103,19.999964795009593,21.999976954411604,23.99999495367639,25.999970938005603,27.999972357966378,9.934400127054957E-6,4.970542468603645E-5,3.963327843311039E-5,35.9999937152652,37.9999751582698,39.99998464298679,41.99989418804294,43.999994261328176,45.999983720807826,47.99999985544427
0.7123123146906443,1.396061456626487,2.099978662179064,2.799931467629553,7.307165451045673E-5,11.999994772877795,13.999999737522892,2.2362751628409555E-6,17.999996305735973,19.99999591513161,21.999997721437914,23.99998730400306,25.99995647442845,27.999976922943674,2.137382177163447E-6,2.8122645988549043E-5,7.642012081693504E-6,35.999723605855294,37.99997607485758,39.99995734128393,41.999894049101485,43.999993850013716,45.999923774657994,47.999996480332875
0.6979995586376982,1.3959489675486563,2.093878101050345,2.8080065099349487,1.1807017137321888E-6,11.999997330811762,13.999991784491694,2.428218511775515E-6,17.99999719783249,19.99999809341124,21.99997706549834,23.999987296093202,25.999977279349924,27.999971804040428,8.930256254685532E-6,5.001023212172686E-5,2.1717553988660422E-5,35.999999564137816,37.99997627707398,39.999984351107564,41.99989420655986,43.99999426285758,45.99993676619708,47.999997177866796
0.698941013981381,1.3960485250017223,2.1000000231389038,2.7999998991557176,0.4036453500225163,11.999993768737268,13.999991870725154,2.4175300812454446E-6,17.99999405532802,19.999966386786657,21.999976973256814,23.99999653001447,25.999985814334384,27.999977255893416,9.740899311429831E-6,4.97051542978747E-5,3.8629347444651804E-5,35.999993758679224,37.99997515675543,39.99986182761154,41.99989814682755,43.999994261328176,45.999987086701665,47.99999974177888
0.7000281666052302,1.4000842930203852,2.1000000229718854,2.8077548340935703,8.57404469127379E-6,11.999993499673197,13.999997636392823,1.0225816117543878E-5,17.999994982664465,19.99999959399209,21.999968222454772,23.99998881342574,25.999972960145517,27.999973126617984,5.391210142770536E-6,4.413610712793799E-7,4.134735169571824E-5,35.99995316901779,37.9999748465464,39.99999154164682,41.99990229988181,43.9999946340128,45.99998496253543,47.99996210015523
0.6979535114703508,1.410110551600671,2.093878101050345,2.8080065099349487,1.168698997076257E-6,11.999997349421898,13.999991784491694,2.130310556954952E-6,17.999997142660526,19.999998440026733,21.99997706549834,23.999987296093202,25.999976988396106,27.99995503108573,8.893033977754053E-6,4.241147852826257E-7,2.189164220513346E-5,35.999999564137816,37.99997627707398,39.99986476367759,41.999900210762945,43.999994692881735,45.99993676619708,47.999997177866796
0.6950908600624537,1.3960781781993867,2.093333497654145,2.8079698107391633,1.1639790288225752E-6,11.999966548851976,13.999980572050877,4.137185294969016E-6,17.999997103990562,19.999997788048983,21.99996729248933,23.999939850256798,25.9999734227693,27.99988269724774,5.443475171182701E-6,1.4068662848473248E-5,8.667163271291015E-7,35.99999020988176,37.999974629216766,39.9998924556933,41.999900573943854,43.999987579980505,45.999817791214554,47.99999718703902
0.17380393480270917,1.4006299677408014,2.093998008445651,2.808007669072658,9.518904927577702E-6,11.999993658998397,13.999953933334757,5.5466410800342955E-5,17.99999710243681,19.99999810993883,21.999978580524544,23.999941027238215,25.99996026737695,27.99988140534135,5.5024612323629335E-6,1.3974453726241327E-5,8.695660281643059E-6,31.398999967352495,37.99997513811854,39.99987934659594,41.99972620871023,43.99998085759347,45.999996525392426,47.99999965169794
0.6980465635933347,1.395994631398408,2.105753557132047,2.8081789374106183,2.5092291789631114E-6,11.999995691900127,13.999996219231742,2.2862445455067886E-6,17.999994920985774,19.999967873679026,21.99997587517296,23.99994177593766,25.99997962512379,27.999964672866707,1.3224800717012512E-6,5.781907968462076E-5,4.770078025148407E-6,35.99995733180302,37.99999419872873,39.99985163292306,41.99989405997303,43.999988028355865,45.99991982282264,47.9999984036749
0.6979893155075486,1.5557943923286768,2.099747965439892,2.7999998991557176,7.85124139500792E-7,11.999991929257082,13.99998672846233,1.3432460111339653E-6,17.999996986989963,19.39187300296195,21.999996864897273,23.999965883467983,25.999970936013412,27.999973158961776,9.823400109721881E-6,1.8293762218480213E-5,2.2624547358505098E-5,35.999993758679224,37.76021560447023,39.99986124407254,41.99998789802486,43.99999427999959,45.99998647104646,47.999998277551306
0.7000281666052302,1.3999884302823802,2.100000022972123,2.8078249306599274,8.57404469127379E-6,11.999993499673197,13.999998480609158,1.0225816117543878E-5,17.999994982664465,19.99999959399209,21.999978596818973,23.999941704423215,25.999595988514642,27.99996468150422,5.369540255892126E-6,4.413610712793799E-7,4.134735169571824E-5,35.99971400595196,37.9999748465464,39.99999154164682,41.99990229988181,43.99998546050541,45.99998435243246,47.99996210015523
0.712586861036885,1.3959996150273501,2.0999355137821523,2.7999998991029775,1.5753096140681717E-8,11.999993777034154,13.999997691420992,2.401204403491454E-6,17.99999952346743,19.999969512676973,21.999976149864608,23.999996409814692,25.999972428262044,27.99997331317215,7.268030869695912E-5,5.0316002478211264E-5,1.140730772502507E-5,35.99996514299197,37.999976207766,39.99986075896621,41.99998791343139,43.999994780170624,45.999984654635355,47.99999974165744
0.9500974264272,1.3470695076289798,2.093333497654145,2.808004451097911,1.1639790288225752E-6,11.999966548851976,13.999980572050877,7.706150033466586E-5,17.999997103990562,19.999997788048983,21.99996729248933,23.999941029510985,25.9999734227693,27.99988269724774,5.443475171182701E-6,1.4058665265972678E-5,8.667163271291015E-7,35.99999020988176,37.999974629216766,39.999891602852735,41.9999006139143,43.99998761966051,45.99997270352458,47.99999718703902
0.7000153453797536,1.3999999750147871,2.093997220169045,2.8082105309111474,8.948806585724565E-6,11.99999383194674,13.999975625954642,2.34544752671786E-6,17.99999737979242,19.99997557402854,21.999977065356386,23.99999458016587,25.99997942844946,27.99999451686735,3.9617116117720294E-6,1.4440307341467428E-5,8.267513686496796E-6,35.999704376564985,37.999974223461884,39.999901653797934,41.99995882739638,43.99997849972612,45.999936873725794,47.999997189992534
0.6979998726056443,1.395998792445472,2.094386809249041,2.7968544152445642,9.10169541092871E-7,11.999993361980259,13.999991868069078,2.071712182945562E-6,17.999995187570295,19.99999233639717,21.99997610106836,23.999980466146706,25.99987166626699,27.99987589018838,9.85823536712817E-6,5.743526413113339E-5,2.1870990959872512E-5,35.999985560698754,37.99997440073831,39.99990484199035,41.999970580265966,43.99999493540378,45.99996958644869,47.999998782593735
0.6998842595350878,1.3998230868165162,2.099782290144124,2.808068882863391,8.036055804772827E-7,11.999995864755311,13.999991960456361,4.969014816898885E-6,17.99999387918945,19.999989112175065,21.999978356983284,23.99997677622691,25.999969814642046,27.999973122636515,6.803757523677893E-5,4.941443362085483E-5,2.859265386836646E-6,35.99999320608174,37.99997463313349,39.99998437346453,41.99996946566084,43.99998654761334,45.99998960171851,47.99999987725466
0.713054147373802,1.396196499529407,2.1000000229721327,2.799999904685627,7.61957141607635E-5,11.999993715073346,13.99999846685535,3.683093531886756E-9,17.999988202530517,19.9999700501297,21.999978965585544,23.999941805520034,25.99959687747923,27.999965130648437,9.602930067495432E-6,5.785913347689447E-5,4.1609055585748936E-5,35.999716261533024,37.99997624505546,39.99988452919776,41.99989402968954,43.99998571404657,45.99996797474626,47.99999410345118
0.6203336398341277,1.395999719299905,1.7917333111335716,2.8082010404875795,1.8062647192478592E-7,11.999979502553373,13.999581947509238,2.473801923905685E-6,17.999995244014567,19.999995048418143,21.999977552798654,23.99999490512557,25.999981811545396,27.999973725403564,5.073866817007825E-6,4.9555680400709545E-5,1.5230859717015875E-5,35.99969755255869,37.99999006896835,39.999963050868494,41.99990420485627,43.99997306363607,45.99981909162566,47.999997572560446
0.6979893155075486,1.3959996696045083,2.10000002313892,2.79905566375932,8.097120150801835E-7,11.999967699080631,13.999991867476492,6.337033324108737E-7,17.999993943080103,19.99996636864301,21.999978327201845,22.87134628890255,25.999970938005603,27.999993580341204,8.891821004129798E-6,1.6252045614767934E-5,2.2078559452594837E-5,35.999999162209505,37.99997515675543,39.999824773493145,41.99990118122112,43.99999286160111,45.999983720807826,47.999998287248395
0.6979998322555957,1.3959964304834878,2.105753557132047,2.8081789374106183,2.5092291789631114E-6,11.999967334676878,13.999996219231742,2.2862445455067886E-6,17.999994920985774,19.999967873679026,21.99997587517296,23.999941012324317,25.999995544434167,27.99997901183495,1.3224800717012512E-6,6.141286454630869E-5,4.770078025148407E-6,35.9999663505137,37.999994408543984,39.99985163292306,41.99989862743444,43.99998799658231,45.99991982282264,47.9999984036749
0.7000312948932537,1.4005765586275662,2.093998008445651,2.808007669072658,9.518904927577702E-6,11.999993776170308,13.999954412581554,5.5466410800342955E-5,17.99999710247839,19.999969366493332,21.99997863936066,23.999941027238215,25.999960182865877,27.99997589301415,5.5005525705234545E-6,1.3974453726241327E-5,8.65552401570733E-6,35.99998572884904,37.99997513811854,39.99987934659594,41.99972692491621,43.99998076055963,45.99998413535937,47.99999965169794
0.6965864353870558,1.3960356272060328,2.093914505197797,2.8080214571878725,2.737034000389467E-6,11.99999310153046,13.999955763335896,4.251035722346764E-4,17.99999534992989,19.99996899169065,21.99997799791266,23.99999798357133,25.999972898888437,27.999956040365127,9.374126368319865E-6,5.777622622713405E-5,2.0527852908125496E-5,35.99999343717247,37.99997621504388,39.9999027975009,41.99995029515325,43.99997356428942,45.99992855363734,47.99999713137959
0.7000302191911978,1.3999765583644888,2.093998008445651,2.8080076835207275,9.518904927577702E-6,11.999993776170308,13.999954412581554,5.5466410800342955E-5,17.99999710247839,19.999969366493332,21.99997863936066,23.999941027238215,25.999960182865877,27.99995720597496,5.5005525705234545E-6,1.3974453726241327E-5,9.215192718509271E-6,35.99998572884904,37.99997509396444,39.999875665964,41.99972692491621,43.99999443583364,45.99998413535937,47.999994142523235
0.6999913151470875,1.0994569055197816,2.093993533164565,2.808002098994247,1.168698997076257E-6,11.99996703275954,13.999991960456361,4.955048812446363E-6,17.99999527184701,19.999968264609656,21.999978304699095,23.9998937482005,25.99998255852919,27.99997302159208,7.116100750940992E-5,4.927216282224865E-5,2.192870572127395E-5,35.99999897503914,37.9999895982947,39.99990473226514,41.999968254341525,43.99998661586112,45.99981752857322,47.99999987632996
0.698287166212039,1.40028732648777,2.1000000229693394,2.799999899347364,1.1720879738232983E-6,11.999993885119807,13.999991309300867,2.49994133427647E-6,17.999998148394248,19.999999342292472,21.99997693503579,23.999995089152304,25.99997289764647,27.99997313356162,7.114377942804388E-5,4.881712763165304E-5,3.950057068214286E-5,35.99995562399503,37.99997626833743,39.999863067368345,41.99989426242702,43.99998711715412,45.99992444127863,47.999999747804736
0.7000151624171437,1.3998013503698747,2.0823023078847585,2.80801919760549,1.168698997076257E-6,11.999968134803975,13.999996628917565,4.639260736089587E-6,17.999997174561795,19.999975660814012,21.999977535028552,23.99999569883141,25.99998974072092,27.999966709422637,4.1289117529159525E-6,4.757098530476877E-5,2.016904683601793E-5,35.99970703160076,37.99997462936225,39.99987753660467,41.9999590043039,43.99998778932794,45.999923263345195,47.999998854873404
0.6980650432510956,1.3961875066304845,2.10047382169708,2.7994251499616767,8.36593159384275E-6,11.999994131202307,13.999991623988954,6.285231923292316E-6,17.999997244253766,19.999999666485742,21.999975119367694,23.99997989808916,25.99987048708469,27.999971768758492,1.0750916855219073E-5,2.9251221982605435E-6,4.2474735391986544E-5,35.999990268682296,37.999974580721954,39.99987828332696,41.99995536054955,43.9999931337349,45.999976586025234,47.99999881182265
0.7000965786489178,1.3999999750147871,2.093997220169045,2.800129111518065,8.948806585724565E-6,11.99999383194674,13.999975625954642,1.0586231169643896E-5,17.999994597400292,19.999975868098165,21.999976419834844,23.99999458016587,25.999980115254512,27.999957379680637,5.150921530851016E-6,1.639814129386938E-5,8.267513686496796E-6,35.99969315979589,37.999974223461884,39.99989155860517,41.99995882739638,43.99997850608574,45.99993642863882,47.999997189992534
0.6978793229678003,1.396196499529407,2.099937193110354,2.799999904685627,7.61957141607635E-5,11.999993715073346,13.999998457426367,3.683093531886756E-9,17.999995084337677,19.99996953130311,21.999978965585544,23.99994058137966,25.99959687747923,27.99997317117622,8.634115118578097E-7,5.785913347689447E-5,4.1609055585748936E-5,35.999716261533024,37.99997624505546,39.99988452919776,41.99989402968954,43.99998571404657,45.99996797474626,47.99999410345118
0.7005275413428241,1.4000744970044072,2.1000000231433695,2.7999998991557176,0.01984406069450713,11.999993776172738,13.999991872661997,2.7513262061861713E-6,17.999993943080103,19.99996636864301,21.999976973256814,23.999995446611283,25.99998603630189,27.9999916733384,9.740899311429831E-6,4.97051542978747E-5,3.826696410493887E-5,35.999993758679224,37.99997515675543,39.99998464298679,41.99989418804294,43.999994305223936,45.999987086701665,47.99999974177888
0.6979998302368718,1.3959976487643593,2.09697347630089,2.7999870773087614,1.5753096140681717E-8,11.999993777034154,13.999996593946904,2.188752741355204E-6,17.999995075958534,19.999969512676973,21.999976148976856,23.999994734553944,25.999977755750812,27.999973134719838,9.926463265815683E-7,5.021405711244665E-5,1.1431565000198397E-5,35.99999030152799,37.999975184486374,39.99986086048931,41.99989418804294,43.999993739533146,45.99998402029122,47.99999974177888
0.6979998726372306,1.395997692062174,1.7776437376121692,2.808055425552097,5.997905023572303E-7,11.999968082168905,13.999996610898846,4.632496770943913E-6,17.999997241863067,19.999975866328924,21.99997753510123,23.999994920921,25.999864146699128,27.999966451320372,4.704177884148378E-6,5.983244139287407E-5,6.453367688726021E-6,35.99999901686793,37.99997462936225,39.999855976069135,41.999968229011486,43.9999885854983,45.999921348751236,47.999999602598315
0.6980371272951597,1.4761630677153257,2.280687087073485,2.808039026479512,5.966271571904372E-7,11.999850265787648,13.999991999111566,4.795487581368311E-6,17.999995375015192,19.999970314054064,21.999978388196006,23.99998725161607,25.99997280034724,27.99999770945653,7.358326238753268E-5,5.0217142448151755E-5,9.386603515535452E-8,35.99999899751245,37.99998899632776,39.99986488061183,41.99999802647685,43.99997866408287,45.999808248256215,47.999997144272584
0.7408440835139461,1.5555845805295216,2.0939972447870216,2.8080368305418397,2.4438573503154784E-6,11.999994792486644,13.999986833244643,1.319970246957835E-6,17.999997036059092,19.999965245337922,21.999996699145626,23.999987144563683,25.99997279369138,27.99997693162021,1.1650097776742976E-5,1.6195519946828293E-6,8.058441176859418E-6,35.99973619936253,37.99999859396425,39.999861435982304,41.99998295481499,43.99999385491422,45.99992253483103,47.99999826084325
0.6979998302368718,1.395950972209015,2.099958854047395,2.7997483370989267,7.539249379516104E-7,11.99999466006874,13.999997531953682,1.0102613301953398E-6,17.99999931423356,19.999969539223752,21.99997502452346,23.999996554374004,25.999976753914666,27.99995667910268,0.0763024043064008,2.6836421581222645E-5,1.0555609977763791E-5,35.9999869878537,37.999974625394444,39.999814073362984,41.99990152242311,43.999997759191174,45.99998402029122,47.99999974177888
0.712734980144099,1.3960192007821168,2.100000022988093,2.7999998991011332,8.371005485927095E-7,11.999993714714025,13.99999187001999,9.357718200984407E-9,17.999993943080103,19.999964795009593,21.99997691024484,23.999995060149242,25.999970938005603,27.999972357966378,9.934400127054957E-6,4.9471994118785936E-5,3.9473705291262614E-5,35.999995748650164,37.9999751582698,39.99998464298679,41.999894027505945,43.999994261328176,45.999983946551986,47.99999987520214
0.6982571382120536,1.3961902330095812,2.1000000229721327,2.799999904685627,7.61957141607635E-5,11.999967578501865,13.999991771257656,4.333661957147453E-8,17.999774158691597,19.999991123367398,21.999996497742337,23.999941805520034,25.999984872791202,27.999955110746388,8.89691109870076E-6,3.9125693397953803E-7,8.263156072207032E-6,35.999716261533024,37.99997624505546,39.99986421816848,41.999894029399805,43.999993173614754,45.99993711602508,47.99999846121719
0.6999707879677415,1.4003469906119614,2.100000024389172,2.7999998993015014,7.820923700945001E-7,11.999994004546517,13.999991575613834,3.1144744279056964E-6,17.99999502021532,19.999828377747058,21.999966957955788,23.999991075695856,25.999840097066613,27.99997532598745,5.138467981547786E-6,4.9851464906977886E-5,2.247033158645694E-6,35.99996322161383,37.9999762753746,39.99986181580227,41.999905369313325,43.99999465460309,45.99996067192774,47.999961696304815
0.70057937515365,1.400251974037815,2.672685648141536,2.8009902633946147,7.220169276300055E-7,11.999994810792684,13.99999069857795,2.3055313219938053E-6,17.99999741268114,19.999999275386077,21.999976180852574,23.999986597857593,25.99997829592694,27.999973087822276,7.156502509216548E-5,2.649003134276731E-6,1.0831592958218586E-5,35.99974195652159,37.999974102585696,39.99991085916515,38.683336212869925,43.999986980663806,45.99999495844948,47.999998145456786
0.6980051831006243,1.4006974668916317,2.093998008445651,3.4693967220959485,2.288040026076897E-6,11.999995910772876,13.999976571994008,2.3981336279710885E-5,17.99999563686774,19.999968091527073,21.999977976241325,23.92983835064309,25.97789362501053,27.99997589301415,5.566734714903385E-6,1.4102250506554322E-5,7.217720518922509E-6,35.26229225366649,37.9999761042643,39.99982475058089,41.999902768299634,43.999977774479,45.99998413535937,47.9999996518865
0.6999568522781826,1.3999765435449216,2.099899257936154,2.799676800478685,8.503295855647753E-6,11.999993843346841,13.999997597808395,9.369590956575726E-6,17.999994637216492,19.999998912546403,21.99997711571264,23.999994824780565,25.999999557604223,27.99995713109135,4.58344318979275E-6,1.6177417018804337E-5,8.095307183067103E-6,35.999945918318396,37.999974014511615,39.99979576994648,41.99990411719644,43.99441284405065,45.999842036587665,47.99999768468458
0.6979998760235037,1.3960245253786483,2.1054703273933324,2.3030115782294702,1.9223301455507313E-7,11.999981531802991,13.99999163887534,1.2055101894853399E-6,17.999960210141285,19.99996812231932,21.99997647948667,23.99999965503629,25.999988195993772,27.999978408268156,1.3622356457066473E-6,1.8459830216913577E-6,3.3090250814536224E-6,35.99995417560205,37.999993025505184,39.9998257864747,41.99988774020261,43.99999524400987,45.999947609823884,47.99996240799995
0.6979998726056443,1.9707271782581253,2.0939945353926346,2.807923269281734,1.1710572327524723E-6,11.999967888729056,13.999991868072673,2.1309533827091424E-6,17.99999508897939,19.999999666579747,21.99997689421718,23.999987234291638,25.99986908824924,27.999880237161353,8.893033977754053E-6,2.649479236218866E-6,2.1871050300672445E-5,35.999999143181576,37.9999743122408,39.99981931932635,40.45761503193197,43.99998721490067,45.99996774891705,47.999998115942326
0.6979998726056443,1.3929715678189782,2.094386809249041,2.808063247901205,7.246218579824353E-7,11.999994415927778,13.99999187675718,2.0017903913133256E-6,17.999995384581855,19.999991920455532,21.99997616585738,23.999997304919205,25.999974772963704,27.999878399156295,9.85823536712817E-6,5.743526413113339E-5,1.082693163577192E-5,35.99998695659775,37.999989302301785,39.99990484199035,41.99997102897993,43.99999493540378,45.99996958644869,47.99999871952858
0.6979535114703508,1.746085367095497,2.093970526299533,2.8000228108236414,0.22775495772461912,11.999997349421898,13.999991867342574,2.1227861255158196E-6,17.999997142660526,19.99999980071993,21.99997706549834,23.999987231473803,25.99998783232394,27.999956208098002,8.893033977754053E-6,4.241147852826257E-7,2.139264926112993E-5,35.999999143181576,37.9999743122408,39.99986476367759,41.99989995993563,43.999978667215075,45.99992464799621,47.999997177866796
0.6989338562188093,1.3959985497319187,2.1000000229763636,2.799999899103064,7.27293822168256E-5,11.999993156540654,13.999991801055653,2.16823097880688E-6,17.999997392446687,19.999969154518414,21.99997716671925,23.999996515370576,25.999972390989118,27.99997715542586,9.336024285600098E-6,2.246507310111656E-6,1.118828885009513E-5,35.999714785022604,37.999974645707304,39.99986076355358,41.99999432784175,43.99999563899795,45.99993207462135,47.99999974177888
0.9458844265796671,1.3960781781993867,2.09994495019629,2.800027482420053,5.68132245745614E-7,11.999981847035304,13.999980783630685,3.986154365448882E-6,17.999993968493126,19.9999743119135,21.999976962679227,23.99996258546694,25.999973312765317,27.99994937563718,7.3895942587575215E-6,7.597525262001328E-5,5.321026962683275E-6,35.99999448119951,37.99997514394579,39.99998360982318,41.99989422383008,43.99999362722937,45.99981866165059,47.99999718703902
0.6979338761804119,1.40028732648777,2.0996347468459446,2.8000034099221054,8.818435527697878E-7,11.999993882607592,13.999991848789362,2.49994133427647E-6,17.999998148394248,19.999999342292472,21.99997693503579,23.999995089152304,25.99986633717878,27.999971946647815,7.098535981406052E-5,2.6981606423429984E-5,3.950057068214286E-5,35.999986412420355,37.99997625154107,39.999863067368345,41.99989409963358,43.99998711715412,45.9999214157311,47.999999748020635
0.712586861036885,1.3959996150273501,2.0999355137821523,2.800898561224508,1.5753096140681717E-8,11.999993777034154,13.999991837493779,2.0852663455538392E-6,17.99999952346743,19.999969512676973,21.999976149864608,23.999996751221193,25.999972428262044,27.999872877174628,7.268030869695912E-5,5.045266311661063E-5,1.140730772502507E-5,35.99996514299197,37.99997445522708,39.99986075896621,41.999969466412374,43.999994780170624,45.999985266518706,47.999999728567936
0.6992786805756985,1.4094490269539544,2.0938784482476867,2.8080065099349487,6.341879121496359E-7,11.999997349421898,13.99999915228349,2.307485285713194E-6,17.999997143115127,19.999998440026733,21.99997706549834,23.999987296093202,25.999976988396106,27.999955008986486,8.893033977754053E-6,4.241147852826257E-7,8.187734366961706E-6,35.99998967537846,37.99997627707398,39.999865001444974,41.999900210762945,43.99999514304961,45.99993676619708,47.999997177866796
0.713054147373802,1.3962923622674122,2.1000000229718947,2.7999298081192703,7.61957141607635E-5,11.999993715073346,13.999997622639015,3.683093531886756E-9,17.999988202530517,19.9999700501297,21.999968591221343,23.9999889143345,25.999973531560567,27.9999735757622,9.624599954374038E-6,5.785913347689447E-5,4.1609055585748936E-5,35.99995541941264,37.99997624505546,39.99988452919776,41.99989402968954,43.99999488755394,45.99996858484923,47.99999410345118
0.7000132511692421,1.4002228235223324,2.1003397314913554,2.8082301546608517,5.761933465240018E-7,11.999994121521803,13.999991623988954,2.390067892450101E-6,17.999997266020518,19.999969690231673,21.999975119367694,23.99999112738609,25.999979875885465,27.999972595230222,1.0319415420391255E-5,4.96995203267653E-5,1.120708028453835E-5,35.999990289752624,37.99997457826704,39.999815881631726,41.99996069739527,43.9999931337349,45.99998404187728,47.99999881182265
0.5988048279240801,1.5647530942747345,2.0939971391144354,2.8080023334268036,1.1667040507725392E-6,11.999968187436652,13.99998698073884,3.166190719861993E-5,17.99999522790297,19.99996894432166,21.999978272961183,23.99989385430961,25.999597175759988,27.999885782548702,7.328234761778375E-5,5.754918422916965E-5,9.076345411391671E-6,35.999714611491235,37.99999904337707,39.999860877280604,41.99989863718043,43.99999622343393,45.99995905233184,47.99999715790594
0.7000935285714837,1.40028732648777,2.1000000229718854,2.799989150670388,2.098911709411265E-7,11.99999422041818,13.999997529516415,2.816949781855073E-6,17.99999708161726,19.999977037856038,21.999940909358642,23.999988387471692,25.999972794865567,27.99997355991244,4.847149199649241E-6,1.1031883174846246E-6,7.113957629323639E-6,35.999997561812805,37.99997630325756,39.999815535905725,41.999900128666006,43.9999946340128,45.9999237683536,47.999962536356904
