1.7777909144811588E-9,1.851758668680863E-12,1.2691893747763666E-13,3.040594842337069E-14,3.3992978221117874E-13,3.6839740035882437E-14,1.0004152445850091E-12,9.147174681803881E-13,3.368452326351738E-13,9.090694078970076E-13,1.028814355933552E-12,2.601370975188461E-12,1.0585648780631906E-13,5.272845106895059E-13,1.3916871914654714E-13,5.081398396902074E-13,1.0079921267130261E-13,4.345109251637338E-13,9.234869229432283E-15,9.46587335878329E-13
0.017077658965320958,2.6497343995110695E-13,8.997835896515843E-12,4.175156109925737E-14,1.0012771558018789E-12,1.1063123171638058E-13,1.4976619713317628E-14,7.086137477435358E-13,5.883646787271281E-13,9.128711103372625E-13,1.1043158798108242E-12,5.74573443465296E-14,8.7685305509314E-13,5.069883830064382E-13,3.7771118288990524E-13,3.2188843053281564E-13,8.420673600619928E-13,1.0099714828923043E-12,1.892522981392214E-13,3.334313920632611E-13
0.033974191853812674,5.897107004459741E-13,1.3249721179057438E-13,6.208760449556948E-14,2.1144925592859413E-13,4.030343844676753E-13,2.669249877439031E-12,1.5397713442125248E-12,1.8298004553602324E-13,2.9806875909617288E-12,1.612984800853587E-12,1.7301260326725468E-12,4.877469369030314E-12,5.894818529245918E-13,5.341632001560647E-13,5.103929768424541E-13,1.1452202626082014E-13,1.1517375256633066E-12,5.062167553533891E-12,9.834834812958487E-13
0.0506107011847331,2.1584892637877267E-14,2.227259744015429E-14,4.0080798338361286E-14,8.677267465115203E-13,4.661454338659871E-12,3.706505186077057E-13,1.3796836948405572E-12,3.5878803043246263E-13,3.422640126457954E-13,1.09038623483975E-12,7.529768637516507E-13,2.5236644718611693E-14,1.0226158518541693E-12,4.9085807220140635E-14,9.620286418022818E-13,2.370793951343042E-13,4.5369447454213207E-13,7.232469507627299E-14,6.237242997116437E-13
0.0668257682910977,3.2440954791391196E-13,3.697261433027437E-13,1.23450048081662E-13,1.4847232938688236E-12,6.441446804800768E-15,3.1694424582780973E-13,6.02261325904835E-13,5.978389686184578E-13,6.86497611031751E-13,3.023522384209305E-14,1.1393355013873427E-12,4.951164272486176E-12,5.189638167942984E-13,3.8867085256553755E-12,1.08141922062948E-12,3.10029813997644E-13,1.2138467034576497E-12,1.0442781787855537E-13,5.976784036757731E-13
0.08257909278759537,4.61749985514048E-14,2.6041356565581236E-13,6.726539104298254E-15,6.946477483940644E-14,2.8256440468785536E-13,3.552577355506331E-13,6.571841233664784E-13,3.9618114968128655E-12,1.1456087109808916E-12,9.313474733302988E-13,4.6626062144697015E-14,2.5090812710095345E-13,1.1680285069837833E-12,3.7925377040909386E-13,6.317986338909272E-13,1.35744355848694E-12,1.2347125230052575E-12,1.0931295765183901E-11,8.131864721033328E-13
0.09791798433589186,1.147944543950494E-14,3.0696184770876796E-13,6.885919444438168E-15,6.834408700319456E-14,1.825911735520182E-12,3.816188570349337E-13,4.219974295255928E-14,3.952269473104489E-13,1.7656329636492684E-12,8.71579775314416E-12,2.071416361113368E-12,3.3451197639243233E-13,1.0214203409235653E-12,4.020720865278327E-14,4.881963825260667E-13,1.35320196725745E-12,2.077832017101269E-12,1.423968152827412E-15,2.783794493214072E-12
0.11275005066382053,5.538700513616276E-13,1.4893684514183813E-13,5.979208989578781E-13,4.0936277070635966E-13,1.257277362760607E-13,1.0116392603167005E-13,6.124151425765596E-13,6.740099737928214E-13,1.113376476036187E-12,6.873867351746496E-14,7.929183210653553E-14,1.7594456214577638E-13,4.835887339600836E-13,1.1115123430024183E-13,4.4790251303160084E-13,3.620351321366774E-13,4.365497532746515E-13,8.151227646092797E-14,9.048268721860692E-13
0.1272409868307997,1.0539573103863263E-14,1.339756474434349E-12,1.4771893201010034E-13,6.404425582132925E-14,5.928720166666578E-15,9.023624528333204E-13,8.361602865342102E-13,1.5158623896193491E-13,7.013986196755349E-13,4.680727739688926E-14,1.700984221156927E-13,2.9516414173596737E-13,5.014914970199293E-13,1.1343640439526527E-13,4.193171204618716E-13,1.4831628358139764E-12,4.934274182437847E-13,1.2105331257452377E-13,9.15336980306012E-13
0.14141797971986467,3.115027674457529E-15,8.723955236548265E-14,5.0416637818881917E-14,8.326170328342066E-14,9.418254943661969E-14,1.0439893259243625E-12,9.245090964036981E-13,2.3218595466628076E-13,1.7134676702362073E-12,2.0995434288954257E-13,2.413566392044963E-13,2.013352215507219E-12,5.303259763495059E-13,5.16619891801491E-13,5.117461318439624E-13,1.1180807542435285E-13,1.3684332192631126E-12,3.7330151125702866E-14,8.136097954634919E-13
0.1554011611709637,3.708811212081249E-13,3.1168631662116886E-13,2.7276454424205164E-13,3.249104240306856E-13,4.030147083920312E-12,1.1303014800138549E-14,6.098785247238923E-14,6.875416904861744E-13,1.1278687697693741E-13,2.4796261131180293E-12,8.703675846198974E-13,4.2600294261776673E-13,1.0823732857106006E-12,8.375227957590212E-13,4.993769153143496E-13,1.1710264674935265E-13,1.0506805330107331E-12,3.7741258091610033E-13,9.490421292401884E-13
0.1693045928778851,1.081002839872322E-12,1.4826145807499368E-13,1.543300778693995E-14,4.0741384598236516E-13,3.195648381354983E-12,9.544845451621462E-15,4.315877591304507E-14,4.737640378456904E-14,9.976145509684641E-14,6.561378424120619E-14,7.396842136950512E-13,2.0758427256475918E-13,3.17810199397209E-13,3.9833167239673113E-13,2.0060451956125355E-12,1.0603336755639184E-13,1.057596050896854E-12,1.1003272880686483E-13,6.039098131231593E-13
0.183276660132327,9.948672908934683E-15,3.5659933761966334E-13,1.2222446671227253E-13,6.404425582132925E-14,3.8535305250686184E-13,6.618681285510272E-14,1.3182299286551254E-12,3.2047471102437566E-13,1.3101207253362817E-13,6.744877883911821E-13,1.550249936786667E-13,2.86692888599085E-13,1.0715377842786277E-13,3.5288521448585586E-13,3.8224931522403674E-13,6.859273912289672E-13,4.936134591374481E-13,1.2594491033689234E-12,1.0255238905940118E-12
0.19746775427284355,6.617231351535479E-15,8.847507771550324E-14,1.3037442251041875E-12,5.793341153084486E-14,1.9315695389267906E-13,1.060980072659126E-12,6.167690765036374E-13,7.75415115127075E-14,1.7162817017521903E-12,1.1359857589518244E-12,5.513420164010527E-15,2.2205719128026423E-13,5.012035239180262E-13,5.173200391670996E-13,6.377833415482826E-13,6.668192461472927E-13,1.3062135145404782E-12,3.424257742494833E-14,9.022420276333319E-13
0.2121203163459491,2.6507296119193674E-13,2.7089232146942957E-13,1.701516810032927E-12,9.911904393040718E-13,4.394878677252686E-12,2.595814150162925E-14,8.947282144616765E-13,6.367734692099838E-13,6.361442641898288E-13,2.6178450294237633E-12,8.292903587150547E-14,4.3336662006463967E-13,3.9386024430340497E-13,8.637457750999663E-13,3.027616760433637E-13,1.6223531085516674E-13,1.0868693401156124E-12,1.1318139947902877E-12,7.662971367779629E-13
0.2275599453099507,6.545357004189638E-13,2.7279037135008767E-13,1.1920783332374815E-13,2.0883406625026138E-13,2.3292774425966676E-13,1.0498258573903985E-12,6.571769342455865E-13,2.867306563464247E-13,5.580738139056164E-13,1.1113604815454151E-13,2.325316529045368E-13,5.068709159921052E-12,1.3753681611924918E-12,3.653999834309026E-13,2.973403378217486E-13,7.553865895080399E-14,1.380110914659641E-12,4.491376912459277E-14,8.140310506914714E-13
0.24423118621594386,6.617231351535479E-15,2.784519410022E-13,1.187740110297841E-13,5.793341153084486E-14,6.523518423430536E-15,6.893621512125611E-14,6.167690765036374E-13,2.247778240580801E-13,6.862665455820628E-13,3.1538898762278644E-13,8.345593951127898E-13,1.424639939166557E-13,5.012035239180262E-13,8.758358733739013E-13,6.481477296217617E-13,6.678172167325851E-13,1.0540879408299192E-12,1.3035622215209642E-13,9.920616336440986E-13
0.2533006750110616,1.0019862100393706E-12,2.6290861462171337E-13,1.543300778693995E-14,6.059374821403258E-14,1.2936494735370765E-13,1.518813477137277E-13,1.6157472092742956E-13,6.300965628432491E-13,1.6226151476408646E-12,2.3359666382131534E-13,7.240613958507773E-13,2.0688357822845144E-13,3.544386760749112E-13,2.1487060523559997E-13,6.377833415482826E-13,4.199601838307225E-13,1.093035829105143E-12,8.381850902067498E-14,9.068521159540862E-13
0.2734492707032226,9.948672908934683E-15,3.5505947619449717E-13,4.659766186241732E-14,2.717038466206723E-13,3.893654428675266E-13,6.618681285510272E-14,1.3775500955520364E-12,3.2188949817733677E-13,3.056747904326523E-13,5.818274419184419E-13,7.732174137186394E-13,2.8837466506516324E-13,5.359852389617266E-13,5.083112176639145E-13,1.1035354703430943E-12,1.212870848921018E-12,2.404098001767255E-12,7.310707973803714E-14,1.142217665656113E-13
0.29836139084500213,1.6401736057444474E-15,1.1330224651458576E-13,5.828447701408488E-13,7.369274285348698E-14,1.8550435021346536E-12,1.0151137068861088E-13,6.066829659706088E-13,6.304604677254659E-13,1.1343600771323473E-12,6.873867351746496E-14,8.488835635012764E-14,2.068660674506585E-13,1.3032540727782531E-12,3.4668295682015593E-13,9.70784553264862E-13,3.243526255133584E-13,4.365497532746515E-13,8.140035186429712E-14,9.051849362157252E-13
0.33380019951457174,2.629795365293901E-13,1.2625319979888603E-13,6.115725083293957E-14,5.110032723065228E-13,1.8932248079741615E-12,2.49848231172183E-14,8.879553618089217E-13,2.2731026812446218E-13,2.14704244948748E-13,1.4835388420120837E-12,1.926869038184755E-15,5.128128764480004E-13,1.8140187443419363E-13,8.703769630960302E-13,1.0492016760406358E-12,9.018371722889407E-14,1.1522408075476483E-12,1.141519899616195E-12,1.0177911662170875E-12
0.39722200382718115,5.513320630586974E-13,2.6290861462171337E-13,2.296766343697686E-13,4.633769002202586E-14,1.1975310199276164E-13,1.518813477137277E-13,8.153604378913286E-14,6.488530962402791E-13,1.0092470196194475E-12,1.1544264504802312E-12,7.317247548095179E-13,2.281028274663911E-13,6.558078662835788E-14,3.1276824327400434E-13,1.0353398216008101E-12,7.997966559422548E-14,2.961784440503059E-13,5.095590749177035E-14,8.579480436511123E-13
0.4613302621992367,1.5076562091785745E-12,2.9235815803786014E-13,1.2068933491816202E-13,4.0601312656974575E-13,1.8631462108673753E-12,1.0234003288090973E-13,1.0791611896275615E-13,6.754755714445665E-13,2.1466333780424568E-13,3.181093087094256E-13,2.3138461338028166E-12,2.9376525032453627E-13,1.837447007978754E-12,5.196623335413834E-13,1.0439071939221539E-12,1.8171427274432445E-13,1.076957884722564E-12,1.404842656735255E-12,1.3220619678572813E-14
0.5114271087966074,5.359583996635794E-13,3.251347611533337E-13,1.218896347554518E-12,1.2423471673371416E-12,4.468097700101845E-13,2.9726528477076146E-12,5.180866907140547E-13,6.139470256105561E-13,1.0460249965606507E-12,1.2412550280418612E-12,3.8195814446742293E-14,6.859133047509022E-13,3.291574637087331E-13,5.627311784028342E-13,1.4762908386354275E-13,1.5188179020505527E-12,7.835087155822042E-13,1.5838757802903898E-13,9.893153586064966E-13
0.5358601995313392,1.1063056111041233E-12,3.7580343432133E-13,6.675545143903711E-13,2.0757972862553384E-13,5.012318454045324E-12,1.0151137068861088E-13,5.843776326963458E-14,9.237327340495975E-13,1.133691173788011E-12,1.39577532693405E-13,1.2661933173657126E-12,2.733093807229786E-13,1.7556633744425933E-12,3.5945156631170606E-13,8.619192572918152E-13,1.4988156334881671E-12,3.491511956090705E-13,1.297266893857236E-12,9.057980507115734E-13
0.5509278310893434,1.2456796527270242E-12,3.145755463026793E-14,1.6620272086227029E-13,1.5331274899694796E-13,4.30471204300811E-12,1.3251432881709132E-12,9.22768263659379E-13,1.204773659107259E-13,1.540560310575458E-13,3.2595332310020053E-14,6.209353248816087E-14,2.0227908900921052E-13,1.0913330417543548E-12,9.583381522681602E-14,1.255144271610381E-14,2.728367125063199E-14,1.3427780662793021E-12,7.748144078541782E-14,8.937023403109526E-13
0.565666062583909,1.2448805323109807E-12,8.11439676708618E-14,5.287921840461481E-14,7.053439151544509E-14,1.8321714725805103E-13,8.065599704018787E-14,3.515534184254189E-13,6.326073928310822E-12,5.112645982627547E-14,1.2067910323394691E-12,6.302399784566298E-14,2.034760956358563E-13,5.303259763495059E-13,5.253136828478684E-13,2.1491184412563632E-14,1.78855065359092E-14,1.1049895429402769E-12,4.3617389890961124E-13,8.953119854334634E-13
0.5836636701228357,4.0126109310851565E-13,2.904156779094057E-13,4.128861868933346E-12,8.8452241871875E-13,9.224055650220694E-13,1.5887052515169086E-12,5.197882431469327E-13,2.0309739175678066E-13,3.101034184907784E-12,2.5335690517022823E-12,5.744983274774238E-13,3.735726041219601E-13,2.0327364650173974E-12,3.542875787350246E-13,2.8856465689661583E-13,1.3355027900927822E-12,2.8036572262456385E-12,1.3565880759888357E-12,1.0098177981918468E-12
0.5895868946055685,1.2454251430642916E-12,3.9789354630513795E-13,2.4821874745863157E-15,3.034386571638109E-13,1.0781823124484283E-13,5.357493589171246E-14,2.6347063028243804E-13,2.4718849075305186E-14,2.166641383879613E-13,6.383300464819903E-13,4.388788329208222E-14,6.449591061587296E-13,2.1610253952145335E-12,6.402720115353688E-13,5.364339698048905E-13,3.194788119677444E-13,1.401920905105273E-12,5.570742460944523E-13,1.2803675215031302E-13
0.5996618600760666,9.377450645772413E-13,1.234542972722652E-13,1.2573410687726848E-12,7.368401567279519E-14,5.191362781162386E-13,3.922644914189378E-13,6.064606654275931E-13,2.0351470291292797E-12,7.20491832564975E-13,6.380145462471168E-13,4.2582204943478853E-13,2.834990069048002E-13,1.2946492495524395E-13,5.227631657740101E-13,9.654033597566273E-13,8.347179851981136E-14,9.497766877929325E-14,5.030468882208581E-13,1.7794250502736852E-13
0.6087791833376833,1.0141130201805195E-12,2.415231590773853E-13,2.7296554811239853E-13,6.106449756292473E-14,1.2200965541216763E-13,1.2087864787273782E-12,1.073266917591702E-13,2.011509798287661E-12,1.618960423112697E-12,9.67823973773448E-14,1.2789411636562305E-12,2.0400385867232102E-13,1.3306108192660569E-12,5.307305769207565E-13,6.215007794027533E-13,8.435200453632601E-14,1.0222186705484521E-15,2.5285390528578895E-12,9.161032618809918E-13
0.6171179900108416,9.286892051154064E-13,1.251742013973908E-12,2.2552516486194071E-13,3.4151714441400965E-14,3.045095247936857E-12,6.850338592781531E-14,5.051925875776484E-13,1.3570167608649588E-13,1.0547233999604707E-12,7.145500995798002E-13,2.1747220118400292E-12,2.0509133253931048E-13,1.0739641322696144E-13,4.960255586914722E-13,8.618878396879887E-13,5.990870745834866E-14,1.687419329431851E-12,5.989162039633738E-13,1.8156752896635117E-13
0.6264976128276823,1.1388980466787442E-12,3.4691912703984895E-13,2.8195200905128685E-13,2.290543828057666E-13,4.437957369803E-12,4.0906780969734855E-13,9.26525161114377E-13,1.0342288932283276E-13,1.779567104923488E-13,9.378087558582066E-14,3.0090337560962847E-13,2.283664324652899E-12,2.7217072225692914E-13,1.990205835472692E-13,2.7685240739494787E-13,3.6869295504386283E-14,1.2027465789351619E-12,7.645827144146085E-14,8.901814364974685E-13
0.631992021060339,5.375354367760959E-13,4.8856000175318234E-14,4.903505056812046E-14,1.8396875689649997E-13,9.446354236730198E-14,1.0224569088678876E-13,6.628020561798442E-13,5.675514077145113E-14,1.5395619638156636E-12,1.6090186173610205E-13,2.2126097453027697E-12,2.3365439223548867E-13,1.3156672787886058E-12,3.5533342944142015E-13,1.4588088689292656E-14,8.030800416076164E-15,1.1071670031479928E-12,1.335677771804937E-12,9.142107911026568E-13
0.6386569656178543,1.4654755952985086E-12,3.9789354630513795E-13,2.4821874745863157E-15,2.7780316314669206E-13,4.325671135561388E-14,1.6924387083084816E-15,6.10733714940145E-13,3.845196464551669E-13,5.145643077118463E-14,6.222111640235727E-13,2.999580422134467E-14,6.516980370323152E-13,9.769838032369873E-13,3.7437581743845165E-13,5.364339698048905E-13,3.194788119677444E-13,1.9448268256116723E-12,4.015632287536706E-14,1.2803675215031302E-13
0.6449247568428206,9.731072540534125E-14,6.000023096552699E-13,2.2645491946186146E-13,2.054070196586876E-12,3.0537978922240323E-12,8.00537637483011E-13,2.334541750379333E-13,2.5216373470589693E-12,1.0253803153552865E-12,1.1020196384398391E-13,2.7430252703597785E-13,3.1945906203951223E-13,3.753464475375035E-14,3.48283698058768E-13,3.0343045818550157E-13,1.435385848014563E-12,1.1927636934694191E-12,2.510180018747429E-12,1.8340188412425117E-13
0.6508287024329136,1.4840071940875182E-12,5.634684053991675E-13,1.1196235716415623E-13,2.8331840941838744E-13,4.441260266790072E-14,4.1613040822067683E-13,6.87074504048899E-13,5.505161404554164E-13,1.0485607926483945E-12,6.305633137997796E-13,2.4594838997177183E-15,3.031177407547337E-13,7.025189539516355E-13,1.8879994597177515E-13,7.49899902809971E-13,1.5115433507051292E-12,8.449200619598883E-14,1.8255081063991145E-13,1.2656593364002603E-13
0.656410611632875,3.3470796842344666E-13,9.404504983449198E-13,2.2998736163937457E-13,1.79222007375214E-13,1.9436049766174915E-12,3.805088492656067E-14,6.565267076997963E-13,7.29051416267817E-13,8.30492909645509E-13,3.2731132054234524E-13,2.824863709037481E-13,2.3467654656905196E-13,1.1431922426363214E-13,6.407930221787342E-13,1.037234658781966E-12,3.6731523695780383E-13,2.339310854692984E-13,4.635739844765221E-13,8.598952186924178E-13
0.6617025435253937,7.353418997823722E-13,1.2644765479395043E-12,1.1773266459362738E-12,3.524189694212558E-13,3.80795200856353E-12,7.101141084111023E-14,6.608968150327207E-13,8.591305043927862E-14,1.0550121354260704E-12,6.897261974472438E-13,5.358851303812953E-13,1.892178780136794E-13,1.1172279207908744E-13,4.944855322471807E-13,8.346145033151743E-13,3.4974501108632854E-13,1.7106951339845018E-12,6.070014940583959E-13,2.738332229485301E-12
0.6667458784959883,9.170363101629851E-13,9.410732670341536E-15,1.0496111600839769E-13,4.274088744080525E-14,1.6836853442710575E-13,1.1984659105851689E-12,1.0742917439972139E-13,1.4891585941643275E-12,3.6129792150915397E-12,3.1141212694725995E-13,1.848141169412317E-13,2.0444424971772685E-13,1.1825725705534916E-13,3.6956118721294356E-13,8.039301652235876E-13,1.2656053322589788E-12,2.5364447013033187E-15,4.039148571830763E-14,1.1874438263549785E-13
0.6715533102059343,1.2506620745674401E-12,1.263329303992286E-12,2.6729790991134816E-13,2.565519567382186E-12,2.626915661767395E-13,2.641683768161921E-13,9.523841516470204E-13,1.4199270753393508E-12,3.621566851122721E-13,9.276677910507319E-14,2.732601402007076E-13,1.5396518624045471E-12,4.56981671878593E-13,1.4176538527945412E-13,1.5406553132638785E-13,1.528686480291011E-12,7.891340350056127E-13,1.1311834368405217E-13,8.640093776147338E-13
0.6761532351442975,1.3468932430737651E-14,5.663356241991154E-13,3.01476826281795E-13,3.47910645202354E-13,3.7929642578684534E-14,1.146164486399204E-13,1.3901902051794532E-13,5.500123212759879E-13,7.074665944680546E-13,8.298227213143737E-13,3.1850544667312655E-13,3.375742524609853E-13,1.4099586322849395E-12,1.1042569522168928E-12,8.024624267303242E-13,3.083115806255514E-14,1.0557439751639607E-12,6.078572823834019E-13,1.8014641001264462E-13
0.6805604917066541,2.3077159346183474E-13,3.3133498801733954E-13,1.1912852828769023E-13,3.3785097722622306E-13,6.565621658437889E-14,6.374963477562153E-14,6.390055436274559E-13,8.378037321660889E-14,6.434315958580929E-13,4.04335536861167E-12,3.289716530283408E-13,1.9491917006164599E-13,1.3991303306067963E-12,6.241300290768361E-13,8.049335258368635E-13,2.3012608871481784E-13,2.2865090382562648E-12,6.141562576077674E-13,9.168902468280339E-13
0.6847865130801555,4.625400388390713E-14,8.680114492542471E-15,2.3948448320358913E-13,2.1319277702967152E-13,3.54135003318624E-12,4.0698410906206935E-13,6.862486768335107E-13,3.1761864387025536E-14,1.0654890754869723E-12,3.661679322494041E-14,5.358851303812953E-13,3.0098894467711014E-13,1.794998061812399E-12,4.1265587335507463E-13,1.544224718076118E-12,1.4585449136211076E-12,1.132582308522801E-12,1.374544163820029E-12,8.430570865133915E-13
0.688863045237233,3.368175846715491E-14,1.2357044980815863E-12,3.01586671397898E-13,1.7778653910355973E-13,4.087493628441858E-13,1.1118997168752902E-13,1.5260509533201593E-13,6.194049641648865E-13,6.10118091598392E-13,8.220868005092731E-13,3.761473988554187E-13,1.4136229202668723E-14,1.1526666691418464E-12,2.0192713629066981E-13,1.0343120772997966E-12,3.747388585040797E-13,6.20828099068659E-14,1.267506548338344E-13,9.463143681493313E-13
0.6927856003683162,8.96884078559041E-13,2.605661189195411E-13,8.476437784647696E-13,3.3807664048629845E-13,2.3762935464927625E-12,1.7572961288809093E-12,1.2212059532529232E-12,7.474115311743978E-13,6.436277765673902E-13,1.0765039851916644E-14,8.184411350201623E-13,1.945719727205182E-13,4.935054864382466E-13,6.5137640758903E-13,2.9832226398380036E-12,2.2985645580660556E-13,1.0372923098725202E-12,1.0543128206757694E-12,1.6228815359169016E-12
0.6965873961678988,4.051012275759787E-13,6.361551586073422E-13,1.464999492226404E-13,3.994905711881951E-14,1.2485898183729467E-12,1.2646479723910986E-13,5.03268171471414E-13,1.1141132460074953E-14,1.3384033955296805E-12,1.4193413761019713E-13,3.478194748115253E-14,2.0087197781509748E-13,8.230838246150638E-14,4.034006911025549E-13,3.064583880699386E-13,3.854187750912919E-13,6.638837852229581E-13,5.545851680957268E-13,2.5591963276582016E-13
0.7002540585018808,3.204889518091278E-13,2.6460449156693033E-13,1.759233780613426E-13,1.59993438834355E-13,1.5040017567714565E-12,4.1951564960525676E-13,6.884235326458673E-13,7.414856474186203E-13,1.0440409800696161E-12,4.602100547814213E-13,5.154686422230418E-13,3.015172353385188E-13,6.6207150289933344E-12,6.869489066809052E-13,1.1235189381064975E-13,2.234385909983935E-13,9.967388421880225E-13,4.614031422752578E-13,8.446552779482486E-13
0.7038111485292897,7.094472438979125E-13,5.751129380054989E-13,2.2890362245408427E-13,2.12027599216122E-13,1.4842269433553848E-13,3.807990356848505E-14,5.284596075352639E-13,5.511641895113872E-13,9.895032828671066E-15,4.591920716284756E-13,2.289469106626022E-13,1.5138285702220187E-13,1.3305499576932714E-12,1.1114069145848173E-12,1.2167078452835433E-13,3.284251808262926E-14,2.543277825543509E-13,6.309564351586692E-13,3.9525504477060884E-13
0.7072658141946289,3.2500017669264693E-13,2.9204670091390343E-13,1.197722732575834E-13,2.8851114829303456E-13,9.106879125856789E-14,3.430464575213122E-14,6.86585740859057E-13,5.303706490453404E-13,3.488278959011559E-14,1.4017886334314268E-13,1.7894903098789617E-15,4.3194637441076096E-14,7.16954106787749E-13,7.118937913769986E-13,3.264211801830503E-13,1.4963878441173704E-12,1.045026840766735E-13,1.5912251858824449E-13,5.825510119365488E-13
0.7106149747399693,4.065206046601588E-13,5.537537836205129E-13,6.624592187072559E-14,1.2929281278948425E-12,5.273432957978471E-14,1.221283801874994E-13,5.916764422114105E-13,5.47360701266678E-13,1.336603187074015E-12,8.311429530507622E-13,5.9731640190031E-13,4.351657424819588E-13,9.482917430097295E-14,5.926968502252963E-13,2.779831628948347E-13,5.4140533858246746E-14,1.2034059985866966E-12,6.069030571154551E-13,2.734277085318408E-13
0.7138744538045673,2.932786540288641E-13,7.145254585078348E-13,3.001425225510009E-14,1.6678647677252963E-13,3.8701960188602387E-13,2.357237535224225E-14,5.903810052149707E-13,1.481991860309426E-12,1.9156204477542382E-13,1.501512528850627E-13,8.21668138299812E-13,2.4193451820392547E-12,1.5643798508348866E-14,1.9841885461148478E-13,7.732538827883849E-13,4.58894017975365E-14,9.39478563501739E-13,8.62702063225805E-12,3.7509484775514697E-13
0.7170501748991439,7.312240578938527E-13,1.2594112949798697E-12,2.2491840062502623E-13,1.9905053967316892E-13,2.5915373813728828E-12,6.387964254243117E-14,1.5417684895429078E-13,5.983945515533935E-13,1.4729471754573566E-12,1.5668633129192602E-13,2.212559424032013E-14,1.0467335217349177E-13,7.681649445836364E-14,1.8908349725648802E-13,1.831025409321569E-13,2.161400612760785E-14,1.7125312098543542E-12,5.721324733255089E-13,2.5591963276582016E-13
0.7201497156788009,3.235012646081507E-13,9.460197911812774E-13,1.3974130138570127E-12,7.928707462730725E-13,4.015105264568778E-13,1.7569820978902812E-12,6.076652701830493E-13,7.230828737017645E-13,1.7431819217852716E-13,8.484218693802146E-13,2.2677196785692686E-14,6.523545859200478E-13,9.64591565837606E-13,1.2743661785665007E-13,1.0047785858573363E-12,3.026676223333736E-13,1.0024648509809909E-12,2.530679474376866E-14,5.945255357265153E-13
0.7231722197302922,3.036772953486467E-13,6.241293350096933E-13,2.856882373068292E-14,4.0865067668971256E-14,3.296792733016278E-13,1.8813694590666396E-12,6.41323679220031E-13,3.838808664890628E-14,2.1118428171684713E-12,3.112756492132759E-13,3.478194748115253E-14,3.5685464964712416E-13,9.10246665981288E-13,3.234584085134794E-13,1.3991590648054937E-13,7.75313320609024E-14,6.643215707411023E-13,1.6050111577538908E-13,8.143416610122476E-13
0.7261252901539704,5.635267338949236E-14,5.896627815880883E-13,7.360271056516481E-13,1.2940549682157084E-13,3.808198354994257E-13,1.8825188506350094E-12,2.9824518894738575E-13,3.8515111508329875E-14,6.007600827348683E-13,2.2075182458248138E-13,2.9478763068457646E-14,4.2812287287755395E-13,2.846431952481247E-14,1.1234952150598539E-12,5.805795473466123E-13,3.5805226173742396E-13,6.623430177397161E-13,1.2810077212189384E-13,2.944894125648401E-13
0.7290213679778795,9.352079098582623E-14,1.5492091672596238E-13,2.0050135464678812E-13,1.4688545355028013E-13,9.958248337429239E-14,4.5387207101332645E-13,6.003612376585356E-13,7.2886142359102E-13,1.4569059298212393E-12,2.827412775840931E-14,2.0010552344075943E-14,5.96469345178617E-13,2.7200234853865367E-13,2.0150509529818914E-13,1.5541402895828392E-12,1.596868718561431E-12,1.1523464507951447E-13,5.840675440815075E-13,4.184223513613266E-14
0.7318554008504145,5.43287943275639E-13,9.458801706297331E-13,3.109338673010117E-14,1.0111657361348002E-13,5.408460166193265E-13,1.3736203624091928E-13,7.654902018701385E-13,3.298578446578124E-14,9.954025913522822E-13,1.9295126877240766E-13,3.7961648284527137E-13,1.1110684420777466E-14,4.590221481161759E-12,1.9935673270481456E-13,1.542793839500964E-12,3.288384194759291E-13,6.293525909587703E-13,4.712364238316519E-13,2.577695387602948E-12
0.7346316566193617,3.367407991325603E-13,1.1444866121226786E-12,3.032630082945116E-14,2.5539782922804006E-13,1.2561764098739677E-12,8.936658716774451E-14,8.659707433687421E-13,1.4810205082273163E-12,7.31361765858074E-13,1.4930122888875179E-13,8.87768755985548E-14,2.1701518486098897E-13,2.2178520572193085E-13,1.2770699548262668E-13,3.379416002960364E-13,3.5223110277896046E-13,1.0029234084973008E-12,6.072187910333449E-13,2.0479141357905083E-14
0.737359314133562,5.639429118885781E-14,5.202732885299142E-13,2.252644587450076E-13,2.000928444187132E-13,2.0504718487860548E-13,6.385515713189737E-14,1.5102297811692656E-13,7.18802196000158E-13,5.98896038242637E-13,2.2436436905224643E-13,4.2944018852340755E-13,1.3157492620312216E-13,1.2531180042127382E-12,4.8257454630915205E-14,1.8186832392938373E-13,1.4683628378974733E-14,6.778833162814625E-14,1.1839436530990382E-13,9.276911926025047E-13
0.740038643811105,4.457851697626097E-14,1.2427342534734037E-13,2.0848190986917736E-13,7.909602366007984E-13,3.199128306869193E-13,1.0161098167311207E-13,6.826977114661349E-13,6.027013151119633E-14,1.8682807655014093E-12,2.812258626635413E-13,5.704799438460839E-13,4.128927736086844E-13,3.5515587411916737E-13,4.888699102043591E-13,9.065573257303375E-13,3.683778884394408E-13,6.676570151759083E-14,5.041422139319742E-13,3.3434690990321734E-13
0.7426755961940806,1.915957942090518E-12,9.523830707701784E-13,2.2717277246854436E-13,8.02197794766788E-13,3.9897043942892856E-13,1.1862114200014157E-12,5.019960188863036E-13,7.630506514149373E-14,1.4051276923776606E-13,3.362435155654177E-12,2.372256829189004E-13,3.587398383482625E-14,9.268957660176718E-13,6.107207273089126E-14,9.936918657976216E-13,4.310661149756863E-13,1.1056281697469321E-12,5.95915378069014E-14,2.6000205949082106E-12
0.7452671290957402,1.8819448648075313E-12,8.920806691083987E-13,2.0015555402338174E-13,2.8779300839959164E-12,3.7202777681459335E-13,1.0177347788527259E-13,5.047263262783236E-13,1.980462894058029E-12,1.4151276284032126E-14,3.0372585097221544E-13,3.352461747899297E-14,1.23775121960866E-12,7.238587378246097E-14,8.481331336733143E-13,6.074643034469274E-13,3.107250271119514E-14,9.518957458838731E-13,3.995409789487153E-14,3.7628104836504833E-13
0.747825133858467,1.0457133068130756E-13,6.426034995125464E-13,2.2399344917254528E-13,8.901600034085398E-13,3.3348225798270104E-13,1.1877112422199092E-12,1.4865651341577022E-13,1.5317380463700764E-12,1.726802191218551E-13,2.3248475363563383E-13,2.3165641056202174E-14,2.6241182350586052E-12,1.2514731759995189E-12,5.327364141758626E-14,9.410506265377208E-13,2.722885984378008E-13,1.6445378722432423E-12,3.0554057719931655E-12,1.9258836278673375E-14
0.7503423742512811,1.0375948244008486E-13,1.8083808906740156E-13,2.2639514500660675E-13,1.5280082008288946E-13,5.192164742027696E-13,1.9226660089066233E-12,8.708650894820818E-13,1.6283183524418928E-12,1.3467148961542265E-13,2.251459037788302E-13,1.8976567979429747E-13,2.6144139207498077E-12,2.436626710987449E-13,2.574011040688238E-14,9.087517836846258E-13,5.368622044594203E-14,2.8232626147394652E-12,1.2293462168960497E-13,2.9589710451857777E-13
0.7528343299722641,9.6042735180778E-13,1.5879862609436652E-13,2.2333091901861561E-13,3.8276041068870924E-13,1.2733983482326578E-12,4.2089416987078194E-13,1.377725507028558E-12,2.157258385196465E-12,9.973012273190595E-13,1.0693920259469393E-12,5.244041212406423E-13,4.235305885669056E-13,2.7096691710407794E-13,5.921800979003702E-13,1.4504687352338531E-12,5.6040622175505454E-14,7.422944797584932E-14,3.008390212078213E-14,2.6422917725576263E-12
0.7552913770747537,5.513354759154536E-13,1.7409802365462269E-12,2.2372958267661961E-13,3.6693057181850177E-13,1.2609998122440365E-12,4.2323667045456884E-13,1.383933040360821E-12,3.501489619267411E-14,9.941788356829757E-13,2.5358514844137363E-13,5.972774638138485E-13,4.226640080680598E-13,6.306572443718075E-14,5.9191088380338566E-12,1.6248016045827391E-13,9.454384408933982E-13,7.511769202422833E-14,3.6317731117528563E-14,2.6456370548066653E-12
0.7577313658497938,3.423474423917896E-13,5.134838911695301E-13,1.6915468175221028E-14,1.9960225207383365E-13,1.9830099879226248E-13,3.6571830210279673E-13,1.538869524465946E-13,7.372390766704378E-13,5.964871211876223E-13,3.0908265297402717E-13,4.325475343549229E-13,3.8580959416796554E-13,8.151655940523808E-14,1.7962154661645272E-13,3.101336117860289E-13,5.508578043356058E-15,6.744899581678178E-13,9.856174328068355E-14,3.217750077697469E-13
0.7601349913525093,3.9774158881243775E-13,4.839714957183805E-13,1.4742338681354233E-12,1.2727259370082874E-12,1.6716969779686007E-12,1.1943904636507813E-12,1.1588876572638235E-13,1.5570636560442097E-12,5.174571998695895E-15,3.2977128990077384E-13,9.250068639932816E-14,7.488377981978869E-13,1.251073561867296E-12,6.37558033105641E-13,7.899911351311922E-13,3.62327685734901E-13,9.570801728942406E-13,3.9751825061931356E-14,6.366921942647736E-13
0.7625247575850447,1.9162188366692564E-12,1.597729684017783E-13,7.239511533881568E-14,7.916941671385845E-13,6.833146971139842E-13,3.4383287712491928E-12,5.046014290612348E-13,1.2325263254143905E-12,9.502648406521601E-13,2.1800391892474707E-13,5.84614182605848E-13,4.3352306022361077E-13,3.565129275337638E-13,4.4058047853210115E-14,9.107351238140446E-13,3.773376495925092E-13,7.757368615222768E-14,5.128901129321107E-13,6.331065711896979E-13
0.7648963018133914,1.6501645826518503E-13,9.517904902221947E-13,1.2226629971154724E-12,2.6182430400526825E-13,2.9927483898709586E-12,1.824413282950216E-12,1.38676302555369E-12,3.7717733748109843E-13,1.635210075670982E-13,2.2842597257759745E-13,2.309778986596791E-13,2.6287743885086704E-14,8.058112834939616E-13,6.291035690701477E-13,2.1762525044509192E-13,2.370602409768464E-13,9.815908513200707E-13,7.680554058968105E-14,6.336004343828819E-13
0.7672476060572725,1.2186934723299687E-12,1.5413162455584142E-13,2.2698990584688387E-13,3.0466443878717823E-13,2.6060987978023936E-12,4.7259758022451964E-14,6.172073587489769E-13,4.906544361005234E-13,2.1499198574544659E-13,3.8581994586578183E-13,1.4599507481578378E-12,4.5009385577510095E-13,6.150020051038535E-13,4.770118233513688E-14,9.268155564782905E-13,3.223840363366052E-13,6.450964097415072E-13,5.452667623691965E-13,1.5118276744905972E-13
0.769585547731963,1.7887747142963828E-12,1.8195978151942085E-13,1.5986442950776832E-13,5.981290968127099E-12,5.13590236014258E-13,1.3766185248538673E-12,5.013896202818091E-13,1.650836980416695E-12,9.575656692861593E-13,2.2507404338053035E-13,3.489322090582307E-14,4.2775946180238865E-13,2.441185337973078E-13,2.170878840156187E-14,3.378912683051438E-13,4.572444831860749E-13,6.422532588676963E-13,4.851912292945099E-13,2.4200080012643776E-14
0.7719172208959174,1.948919829429111E-12,1.861466346010528E-12,1.7621679683826618E-14,3.7287045334054433E-13,2.6170522136303852E-12,4.134734215536633E-13,6.83795280697544E-13,5.127283545217552E-14,9.966438781393274E-13,3.3036027379068373E-13,2.598284116448554E-13,2.1036061627040947E-12,3.350497227097516E-13,1.7923934122635783E-13,9.269292884693914E-13,6.392253416167625E-15,6.516101349807021E-13,1.1948637450215739E-13,9.799628282407206E-13
0.7742336701552611,1.927937324205015E-12,1.7377784755970336E-13,2.2545828744396286E-13,1.9865201219073623E-13,5.171713958666567E-13,4.003679241943341E-13,7.165919301345189E-13,6.189589767013601E-13,1.2183762801794207E-13,3.2563471936818882E-12,4.019238388575214E-13,2.839590818808531E-13,1.2635416830616466E-12,2.1766731997257427E-14,7.39776718884307E-14,7.659726370567378E-14,7.052447336788576E-14,4.900346808739937E-13,6.303678242383332E-14
0.7765453649072493,1.928664046440297E-12,3.1791308615329107E-13,8.195750571613626E-14,3.208079519696379E-14,9.54414239656557E-13,1.7791018604446694E-13,6.149948866887233E-13,4.914181691782242E-13,1.929854724727348E-14,3.2769933076615617E-12,5.624437764472888E-13,1.7673063561680075E-12,1.2541115357766953E-12,1.4488552433276306E-13,9.122708038519163E-13,2.3096758006479285E-13,7.224476438979238E-14,4.3955217484190286E-13,1.4571556194050985E-12
0.7788599932091123,1.0769044765304143E-12,6.544170055265138E-13,2.0696782747079842E-14,3.239348530970849E-13,5.127568123219927E-13,1.8289228776544662E-13,1.0026103892070841E-13,3.9679296870807134E-14,9.669014374900432E-13,3.2302029287334944E-13,2.5970436186975723E-13,7.160368533776923E-13,3.166407795283203E-13,1.770010574835262E-13,7.912977834301929E-13,1.9929182120598082E-14,6.420746034780664E-13,4.562657515190804E-13,6.018314451634031E-13
0.781164106617408,1.6390704956902554E-13,6.308879035375281E-13,3.8787179612225006E-13,2.1030983274338134E-13,4.201295794412992E-13,1.965804557485519E-12,6.73501870431663E-14,7.162631976510816E-13,1.3114508271130512E-14,1.5737703162230824E-12,2.2016477233811216E-13,1.2246406736373745E-12,6.370713332032321E-14,7.293837589850588E-13,2.405985081640609E-13,4.4670040323843283E-13,5.5610108176426E-14,2.889406595245099E-13,2.8576085368742786E-13
0.7834785886543124,1.4952630206960005E-12,3.436121472361852E-13,4.0119478841803524E-13,3.33115681892825E-13,5.112298623662333E-13,9.225791489925952E-13,1.4008683503691852E-13,3.567553208111071E-13,1.0065643452324304E-12,2.3456546481890516E-13,2.656283289295035E-13,7.785021293879779E-13,3.7975981266965864E-13,1.7777316181069164E-13,9.090785194136722E-13,5.795061787684687E-14,7.237641430831776E-13,9.3846406990623E-14,1.9539818780195553E-13
0.7857989567769339,1.4474417907052049E-12,3.601236041935838E-13,1.451922997605884E-14,2.448486299575206E-13,5.328189631756696E-13,2.0014466753260093E-13,1.2478600899715974E-13,6.221024379751302E-13,9.706384930132447E-13,3.382829646250494E-13,6.956236973681289E-14,7.118357715757511E-13,9.130207346381279E-14,1.942515951267451E-12,1.792855132455564E-13,4.5021400824187055E-13,6.073194598298631E-13,1.912297739902002E-14,7.713871751153061E-13
0.7881319827549377,2.8254535289030526E-13,1.9095398266708683E-12,1.324099330338112E-13,1.4531685193847447E-13,2.614379357332064E-13,5.566601658222803E-14,7.479151160371314E-14,3.0520570305333404E-12,1.0306101357385622E-12,1.547182396309544E-12,3.4578383191855374E-14,5.649354997262085E-13,1.2421699202631107E-12,1.1104999926105926E-13,9.006294470928834E-13,3.666736954587392E-13,7.226455096148823E-13,4.3696988272242273E-13,2.6672878999286713E-14
0.7904734871128879,1.0399141222713752E-12,2.911523516491583E-13,2.2481192160182777E-13,1.472706889314644E-13,3.9187221407354303E-13,1.3503303878230055E-12,3.343477906071089E-12,9.559549020623925E-14,2.9928958787565293E-13,6.199984593835982E-13,2.0469506161584253E-13,2.888623736552263E-13,1.02164863979721E-13,2.2306357693881783E-13,2.548580669498294E-13,4.3522869134355763E-13,1.0736244263767767E-12,1.942559088840473E-14,1.415587623617163E-13
0.7928354486480723,3.6102617732960964E-13,8.276287281500432E-14,4.4475966429229513E-13,2.0997036035758744E-13,1.9718351668227435E-12,1.4854266985636242E-13,6.318100397675955E-13,1.8960692154092548E-12,9.804375820258282E-13,4.0156459017447463E-13,3.908051598520611E-14,2.8929509322310845E-13,1.1987727253162372E-12,2.654986554590563E-13,6.444619782910671E-13,4.205177335553839E-13,5.276743420868098E-14,5.695121764010191E-14,7.815878826103576E-13
0.7952225428559704,1.926725792049651E-12,6.289655426542882E-13,3.9204843125557017E-13,2.1012925304980392E-13,7.822586756173677E-14,9.874738895392626E-13,4.1717199850858843E-13,6.010757799039939E-13,8.221335686025375E-13,1.4784080481401846E-13,3.6910121562374624E-14,5.955410592289863E-13,9.447930340866955E-15,1.4982725759404557E-13,2.4083595515062557E-13,4.4525861086811494E-13,6.029472338562245E-14,6.615241907854182E-14,2.5722184605008428E-14
0.7976366255200112,1.4924663456126142E-12,2.978608755318836E-13,1.177837142266904E-13,2.4529662760602277E-13,6.464985916179183E-14,2.9352514199746024E-13,3.9271294370231835E-13,3.6424124551954156E-13,1.0132349289494667E-12,2.2972134918146987E-13,1.3618669302076E-12,4.0031031888073136E-13,7.911295498976085E-14,6.124820410328611E-14,1.540838557731569E-13,2.1753799302702178E-13,9.941115114300275E-13,8.650803741258222E-15,8.131334637160377E-13
0.800088776131841,1.748798944129165E-13,2.9690088830946326E-13,3.940865089793642E-13,1.4865850321277582E-13,1.4473216579982697E-12,3.157361180265795E-13,3.820672594444235E-13,1.9288003884984606E-12,9.989866792935164E-13,7.245583673212825E-13,2.1893838465961763E-13,1.2246406736373745E-12,7.968934397910463E-14,1.8458943273599155E-13,2.388704457843816E-13,2.4425947300200946E-13,3.236583891841026E-13,1.7431399813944604E-13,8.895308185919542E-14
0.8025775419432519,1.0410781743454778E-12,2.911523516491583E-13,3.457760624120436E-15,3.237862747340984E-13,3.044105572700541E-13,1.4983267950227067E-12,1.0215054870924275E-14,3.6939843935924734E-13,3.435017371290656E-13,2.791069697035073E-13,3.3689347789063185E-14,2.954584614799477E-13,1.664620748762069E-14,1.7987625925830003E-13,1.4687840910525906E-13,4.287477226019215E-13,5.389790163504533E-13,8.650803741258222E-15,1.0887324917871313E-14
0.8051152107002278,1.942851511252646E-12,1.8917266195774172E-13,2.2580283716144923E-13,1.9790451674080881E-13,4.969479974638823E-13,1.4405331565220991E-12,5.296027378881132E-13,4.285825411661788E-15,1.1740360850028147E-13,3.2498161534889785E-12,1.813204520631675E-13,2.8912794066014924E-13,1.8597116131832577E-12,7.048393329312871E-14,5.351874018854245E-13,4.28651534269251E-13,4.261253145455797E-15,1.9364410004416684E-13,6.645576450098944E-14
0.807722306630684,1.9392906070212034E-12,1.494631243963916E-13,3.131734793034926E-14,1.4941695801263592E-13,1.0430970678553755E-12,1.629577070902583E-12,4.796261498186369E-13,7.065434752762051E-13,7.787944222295537E-13,1.3159381691118011E-12,2.2312788068169912E-13,2.807039948670995E-13,2.6076812681288873E-14,4.198814444873804E-13,8.958041828471403E-13,3.448637384512014E-13,1.1645438018832946E-13,1.8521193256149686E-14,8.384349031001589E-14
0.8103980917131353,1.081215842719224E-12,3.9049602540848023E-13,8.39339423688338E-14,1.183325906510074E-13,7.656887507999858E-14,1.5696169084773203E-12,3.9275812118826436E-13,2.9925773074420484E-13,3.08086910676806E-13,2.3543406578062745E-13,2.0469506161584253E-13,4.3328399892751544E-13,1.0341072258416949E-13,2.2387985045726684E-13,9.26024668795286E-13,6.264112216216359E-14,6.738840822516389E-13,2.1983608003805243E-14,1.3401637664646837E-13
0.8131626673086632,2.0459051726179688E-12,3.0198476924815657E-13,1.6618133695569352E-13,1.5034924563083355E-13,1.8014548439181626E-12,1.360936977002239E-12,1.216981290057895E-12,1.6413980125514895E-12,8.23650541484945E-13,2.2571632427003042E-13,2.2312788068169912E-13,2.7739303483088595E-13,9.63415920460236E-13,1.687132188219322E-13,3.3267920577396735E-13,9.007956892754342E-13,3.0128017122675697E-13,1.9730490393142863E-14,7.958079105824581E-14
0.8160338107275195,2.133307387538533E-12,3.990194091300771E-13,4.050617767542772E-13,5.5528094345239554E-14,4.553730348737133E-14,1.6282092892376686E-12,5.008430453493948E-13,1.9796845804634703E-13,3.4018181323674333E-13,2.0581504804364797E-13,2.0286314091086159E-13,2.842038255285699E-13,3.2109278440253747E-13,2.6718341283103515E-13,3.8786741912650205E-13,5.506245281468077E-14,5.276743420868098E-14,4.964330538981653E-13,1.0282531198265802E-12
0.8190424970667746,1.0450342328903996E-12,1.8943816179728587E-12,1.4528918065592149E-13,2.0166726630872087E-13,5.743073038278238E-13,3.92322197414911E-13,8.155748769034409E-13,3.1673277121703153E-13,3.13670114589054E-13,2.5955793085252944E-13,2.5027015488052297E-13,2.492390254442165E-13,6.624426938193385E-14,2.413578614516155E-13,4.0612055477094766E-13,4.761207833412711E-13,1.5169056917510405E-14,2.806222802620517E-12,3.669990717884001E-12
0.8222220775199715,1.0399141222713752E-12,2.911523516491583E-13,3.8333024280400687E-13,1.0005834439356792E-13,1.8882915676694135E-12,3.569743712856595E-13,1.617350242904423E-13,7.184159421686632E-13,3.2008487380344767E-13,2.5955793085252944E-13,4.115707138638761E-14,2.954584614799477E-13,1.1486356195841148E-13,2.2306357693881783E-13,1.8252825961010323E-13,4.214832668441964E-13,1.9801422004514302E-14,9.90275581889122E-13,7.812469667607836E-13
0.8256230620661772,1.860000987835572E-12,4.065478729644349E-13,1.5601121132023057E-12,2.358011428209897E-13,1.678089858688702E-13,1.0035938537322124E-13,1.1234783650662897E-13,6.904991861960548E-13,1.9061499165813397E-12,2.435136128706362E-13,1.21923970669721E-13,1.2164038023645894E-12,1.2334450834809069E-12,2.884657202442993E-13,2.4905199752242097E-13,8.325642300922783E-13,5.539020754111208E-14,4.094120649762031E-13,5.976166369410009E-13
0.8293246618910168,1.0798385679723157E-12,6.145734029573178E-14,2.0447103226269442E-14,3.198236084207865E-13,1.0351747265782202E-12,1.4995152438903197E-12,4.511679233342504E-13,1.345069755371707E-13,3.223960561062234E-13,1.2466414698147776E-12,1.8496919100852116E-13,2.8929509322310845E-13,1.664620748762069E-14,1.8047771091197468E-13,9.981976496569565E-13,4.287477226019215E-13,1.334308182180609E-12,2.2923593622021565E-13,1.0382038252054717E-14
0.833467994729975,9.101430686174573E-12,5.991696893489821E-13,4.3322229561763373E-13,1.391882316509895E-13,3.7636311489771034E-13,1.5928616597381428E-12,5.147530215705381E-13,2.836529076879044E-13,9.710293209939968E-13,2.2979093566946355E-13,2.0286314091086159E-13,3.1164027534323727E-13,2.492312085706994E-12,2.0107905899637168E-13,2.645144171868004E-12,5.70738561336487E-14,1.0993160780102358E-12,2.1983608003805243E-14,2.982734998835845E-14
0.8383150613058659,1.4348044091555723E-12,3.7979173274715564E-13,3.775460365209287E-13,3.970416143438606E-13,7.822586756173677E-14,1.017113805234203E-12,4.2531408714387377E-13,5.570394696624272E-14,8.498037604829408E-13,1.2369418015648134E-11,2.1674585212261294E-13,5.949911228241912E-13,3.7976857281480863E-13,3.0778997458466807E-13,2.4832536945849965E-13,8.561179728683039E-13,5.024969189489188E-13,1.0932219168138152E-13,8.44896376981564E-15
0.8445432790656647,1.5265341065622002E-12,2.2745908452912267E-13,1.7150117661046527E-13,5.166982367274334E-14,5.328189631756696E-13,1.2232640125743163E-12,2.3619941682267565E-13,8.727981936810453E-13,9.706384930132447E-13,1.7520768426713742E-12,7.524560988814298E-14,7.032477507212648E-13,9.049338692736844E-13,3.0704981064227516E-13,1.8491445430501509E-13,5.514314835166066E-13,6.077295213648907E-13,2.953902648145025E-12,5.234986733889879E-13
0.8568754073395345,2.131591861804552E-12,4.048887695849061E-13,9.744462193577322E-13,9.26756373030623E-13,1.4862906799613208E-12,1.7751985143124661E-12,7.273240876005168E-13,2.0303665699472685E-13,1.0336956783104748E-12,2.537120390982495E-13,8.945649717435766E-14,1.2360206454456409E-12,2.1179565444004134E-12,8.310248318956316E-13,2.6584122563106593E-12,1.7930289237013925E-13,8.881310147664767E-13,1.246680613598727E-13,3.8843794971850953E-13
